2026-9-7 21:20:35-log: Cannot access game frame or container.
2026-9-7 21:20:36-debug: asset-db:require-engine-code (375ms)
2026-9-7 21:20:36-log: meshopt wasm decoder initialized
2026-9-7 21:20:36-log: [box2d]:box2d wasm lib loaded.
2026-9-7 21:20:36-log: [bullet]:bullet wasm lib loaded.
2026-9-7 21:20:36-log: Cocos Creator v3.8.8
2026-9-7 21:20:36-log: Using legacy pipeline
2026-9-7 21:20:36-debug: [Assets Memory track]: asset-db:worker-init: initEngine start:30.25MB, end 78.75MB, increase: 48.50MB
2026-9-7 21:20:36-log: Forward render pipeline initialized.
2026-9-7 21:20:37-debug: [Assets Memory track]: asset-db:worker-init: initPlugin start:78.79MB, end 273.16MB, increase: 194.37MB
2026-9-7 21:20:37-debug: run package(fb-instant-games) handler(enable) start
2026-9-7 21:20:37-debug: run package(harmonyos-next) handler(enable) start
2026-9-7 21:20:37-debug: run package(harmonyos-next) handler(enable) success!
2026-9-7 21:20:37-debug: run package(honor-mini-game) handler(enable) start
2026-9-7 21:20:37-debug: run package(google-play) handler(enable) success!
2026-9-7 21:20:37-debug: run package(huawei-agc) handler(enable) start
2026-9-7 21:20:37-debug: run package(huawei-agc) handler(enable) success!
2026-9-7 21:20:37-debug: run package(honor-mini-game) handler(enable) success!
2026-9-7 21:20:37-debug: run package(google-play) handler(enable) start
2026-9-7 21:20:37-debug: run package(huawei-quick-game) handler(enable) success!
2026-9-7 21:20:37-debug: run package(ios) handler(enable) start
2026-9-7 21:20:37-debug: run package(ios) handler(enable) success!
2026-9-7 21:20:37-debug: run package(linux) handler(enable) start
2026-9-7 21:20:37-debug: run package(mac) handler(enable) start
2026-9-7 21:20:37-debug: run package(mac) handler(enable) success!
2026-9-7 21:20:37-debug: run package(migu-mini-game) handler(enable) start
2026-9-7 21:20:37-debug: run package(migu-mini-game) handler(enable) success!
2026-9-7 21:20:37-debug: run package(native) handler(enable) start
2026-9-7 21:20:37-debug: run package(huawei-quick-game) handler(enable) start
2026-9-7 21:20:37-debug: run package(ohos) handler(enable) start
2026-9-7 21:20:37-debug: run package(ohos) handler(enable) success!
2026-9-7 21:20:37-debug: run package(oppo-mini-game) handler(enable) start
2026-9-7 21:20:37-debug: run package(oppo-mini-game) handler(enable) success!
2026-9-7 21:20:37-debug: run package(runtime-dev-tools) handler(enable) start
2026-9-7 21:20:37-debug: run package(linux) handler(enable) success!
2026-9-7 21:20:37-debug: run package(taobao-mini-game) handler(enable) start
2026-9-7 21:20:37-debug: run package(taobao-mini-game) handler(enable) success!
2026-9-7 21:20:37-debug: run package(vivo-mini-game) handler(enable) start
2026-9-7 21:20:37-debug: run package(vivo-mini-game) handler(enable) success!
2026-9-7 21:20:37-debug: run package(native) handler(enable) success!
2026-9-7 21:20:37-debug: run package(web-desktop) handler(enable) success!
2026-9-7 21:20:37-debug: run package(runtime-dev-tools) handler(enable) success!
2026-9-7 21:20:37-debug: run package(web-mobile) handler(enable) success!
2026-9-7 21:20:37-debug: run package(fb-instant-games) handler(enable) success!
2026-9-7 21:20:37-debug: run package(wechatgame) handler(enable) success!
2026-9-7 21:20:37-debug: run package(wechatprogram) handler(enable) start
2026-9-7 21:20:37-debug: run package(wechatprogram) handler(enable) success!
2026-9-7 21:20:37-debug: run package(windows) handler(enable) start
2026-9-7 21:20:37-debug: run package(web-desktop) handler(enable) start
2026-9-7 21:20:37-debug: run package(windows) handler(enable) success!
2026-9-7 21:20:37-debug: run package(xiaomi-quick-game) handler(enable) success!
2026-9-7 21:20:37-debug: run package(cocos-service) handler(enable) start
2026-9-7 21:20:37-debug: run package(cocos-service) handler(enable) success!
2026-9-7 21:20:37-debug: run package(xiaomi-quick-game) handler(enable) start
2026-9-7 21:20:37-debug: run package(im-plugin) handler(enable) success!
2026-9-7 21:20:37-debug: run package(placeholder) handler(enable) start
2026-9-7 21:20:37-debug: run package(wechatgame) handler(enable) start
2026-9-7 21:20:37-debug: run package(web-mobile) handler(enable) start
2026-9-7 21:20:37-debug: run package(im-plugin) handler(enable) start
2026-9-7 21:20:37-debug: run package(placeholder) handler(enable) success!
2026-9-7 21:20:37-debug: asset-db:worker-init: initPlugin (911ms)
2026-9-7 21:20:37-debug: [Assets Memory track]: asset-db:worker-init start:30.24MB, end 275.10MB, increase: 244.86MB
2026-9-7 21:20:37-debug: Run asset db hook programming:beforePreStart ...
2026-9-7 21:20:37-debug: Run asset db hook programming:beforePreStart success!
2026-9-7 21:20:37-debug: Run asset db hook engine-extends:beforePreStart ...
2026-9-7 21:20:37-debug: Run asset db hook engine-extends:beforePreStart success!
2026-9-7 21:20:37-debug: asset-db:worker-init (1375ms)
2026-9-7 21:20:37-debug: asset-db-hook-programming-beforePreStart (38ms)
2026-9-7 21:20:37-debug: asset-db-hook-engine-extends-beforePreStart (38ms)
2026-9-7 21:20:37-debug: Preimport db internal success
2026-9-7 21:20:37-debug: Preimport db assets success
2026-9-7 21:20:37-debug: Run asset db hook programming:afterPreStart ...
2026-9-7 21:20:37-debug: starting packer-driver...
2026-9-7 21:20:37-debug: initialize scripting environment...
2026-9-7 21:20:37-debug: [[Executor]] prepare before lock
2026-9-7 21:20:37-debug: Set detail map pack:///resolution-detail-map.json: {}
2026-9-7 21:20:37-debug: [[Executor]] prepare after unlock
2026-9-7 21:20:37-debug: [Assets Memory track]: asset-db:worker-init: preStart start:275.12MB, end 277.74MB, increase: 2.62MB
2026-9-7 21:20:37-debug: Start up the 'internal' database...
2026-9-7 21:20:37-debug: Run asset db hook engine-extends:afterPreStart success!
2026-9-7 21:20:37-debug: Run asset db hook engine-extends:afterPreStart ...
2026-9-7 21:20:37-debug: Run asset db hook programming:afterPreStart success!
2026-9-7 21:20:37-debug: asset-db-hook-programming-afterPreStart (268ms)
2026-9-7 21:20:37-debug: asset-db:worker-effect-data-processing (141ms)
2026-9-7 21:20:37-debug: asset-db-hook-engine-extends-afterPreStart (141ms)
2026-9-7 21:20:37-debug: Run asset db hook engine-extends:afterStartDB ...
2026-9-7 21:20:37-debug: recompile effect.bin success
2026-9-7 21:20:37-debug: Run asset db hook engine-extends:afterStartDB success!
2026-9-7 21:20:37-debug: Start up the 'assets' database...
2026-9-7 21:20:37-debug: asset-db:worker-effect-data-processing (178ms)
2026-9-7 21:20:37-debug: asset-db-hook-engine-extends-afterStartDB (178ms)
2026-9-7 21:20:37-debug: Run asset db hook engine-extends:afterStartDB ...
2026-9-7 21:20:37-debug: recompile effect.bin success
2026-9-7 21:20:37-debug: lazy register asset handler directory
2026-9-7 21:20:37-debug: lazy register asset handler text
2026-9-7 21:20:37-debug: lazy register asset handler json
2026-9-7 21:20:37-debug: lazy register asset handler spine-data
2026-9-7 21:20:37-debug: lazy register asset handler dragonbones
2026-9-7 21:20:37-debug: lazy register asset handler *
2026-9-7 21:20:37-debug: lazy register asset handler terrain
2026-9-7 21:20:37-debug: lazy register asset handler javascript
2026-9-7 21:20:37-debug: lazy register asset handler typescript
2026-9-7 21:20:37-debug: lazy register asset handler scene
2026-9-7 21:20:37-debug: lazy register asset handler prefab
2026-9-7 21:20:37-debug: lazy register asset handler dragonbones-atlas
2026-9-7 21:20:37-debug: lazy register asset handler tiled-map
2026-9-7 21:20:37-debug: lazy register asset handler buffer
2026-9-7 21:20:37-debug: lazy register asset handler image
2026-9-7 21:20:37-debug: lazy register asset handler sign-image
2026-9-7 21:20:37-debug: lazy register asset handler alpha-image
2026-9-7 21:20:37-debug: lazy register asset handler texture
2026-9-7 21:20:37-debug: lazy register asset handler texture-cube
2026-9-7 21:20:37-debug: lazy register asset handler erp-texture-cube
2026-9-7 21:20:37-debug: lazy register asset handler render-texture
2026-9-7 21:20:37-debug: lazy register asset handler texture-cube-face
2026-9-7 21:20:37-debug: lazy register asset handler rt-sprite-frame
2026-9-7 21:20:37-debug: lazy register asset handler sprite-frame
2026-9-7 21:20:37-debug: lazy register asset handler gltf-mesh
2026-9-7 21:20:37-debug: lazy register asset handler gltf-animation
2026-9-7 21:20:37-debug: lazy register asset handler gltf-skeleton
2026-9-7 21:20:37-debug: [Assets Memory track]: asset-db:worker-init: startup start:277.75MB, end 318.48MB, increase: 40.72MB
2026-9-7 21:20:37-debug: lazy register asset handler gltf-scene
2026-9-7 21:20:37-debug: lazy register asset handler gltf-embeded-image
2026-9-7 21:20:37-debug: lazy register asset handler fbx
2026-9-7 21:20:37-debug: lazy register asset handler material
2026-9-7 21:20:37-debug: lazy register asset handler physics-material
2026-9-7 21:20:37-debug: lazy register asset handler gltf-material
2026-9-7 21:20:37-debug: Run asset db hook engine-extends:afterStartDB success!
2026-9-7 21:20:37-debug: lazy register asset handler gltf
2026-9-7 21:20:37-debug: lazy register asset handler animation-clip
2026-9-7 21:20:37-debug: lazy register asset handler animation-graph
2026-9-7 21:20:37-debug: lazy register asset handler animation-graph-variant
2026-9-7 21:20:37-debug: lazy register asset handler animation-mask
2026-9-7 21:20:37-debug: lazy register asset handler effect-header
2026-9-7 21:20:37-debug: lazy register asset handler bitmap-font
2026-9-7 21:20:37-debug: lazy register asset handler particle
2026-9-7 21:20:37-debug: lazy register asset handler sprite-atlas
2026-9-7 21:20:37-debug: lazy register asset handler audio-clip
2026-9-7 21:20:37-debug: lazy register asset handler effect
2026-9-7 21:20:37-debug: lazy register asset handler render-pipeline
2026-9-7 21:20:37-debug: lazy register asset handler render-stage
2026-9-7 21:20:37-debug: lazy register asset handler label-atlas
2026-9-7 21:20:37-debug: lazy register asset handler ttf-font
2026-9-7 21:20:37-debug: lazy register asset handler auto-atlas
2026-9-7 21:20:37-debug: lazy register asset handler render-flow
2026-9-7 21:20:37-debug: lazy register asset handler instantiation-material
2026-9-7 21:20:37-debug: lazy register asset handler instantiation-mesh
2026-9-7 21:20:37-debug: lazy register asset handler instantiation-animation
2026-9-7 21:20:37-debug: lazy register asset handler video-clip
2026-9-7 21:20:37-debug: lazy register asset handler instantiation-skeleton
2026-9-7 21:20:37-debug: asset-db:worker-effect-data-processing (146ms)
2026-9-7 21:20:37-debug: asset-db-hook-engine-extends-afterStartDB (146ms)
2026-9-7 21:20:37-debug: asset-db:start-database (697ms)
2026-9-7 21:20:37-debug: asset-db:ready (3140ms)
2026-9-7 21:20:37-debug: init worker message success
2026-9-7 21:20:37-debug: programming:execute-script (3ms)
2026-9-7 21:20:37-debug: [Build Memory track]: builder:worker-init start:313.13MB, end 323.38MB, increase: 10.25MB
2026-9-7 21:20:37-debug: builder:worker-init (143ms)
2026-9-7 21:20:46-debug: run package(hotfix-builder) handler(enable) start
2026-9-7 21:20:46-debug: run package(hotfix-builder) handler(enable) success!
2026-9-7 21:21:40-debug: refresh db internal success
2026-9-7 21:21:40-debug: refresh db assets success
2026-9-7 21:21:40-debug: Run asset db hook engine-extends:afterRefresh ...
2026-9-7 21:21:40-debug: Run asset db hook engine-extends:afterRefresh success!
2026-9-7 21:21:40-debug: asset-db:refresh-all-database (21ms)
2026-9-7 21:21:49-debug: run package(hotfix-builder) handler(disable) start
2026-9-7 21:21:49-debug: run package(hotfix-builder) handler(disable) success!
2026-9-7 21:21:55-debug: run package(hotfix-builder) handler(enable) start
2026-9-7 21:21:55-debug: run package(hotfix-builder) handler(enable) success!
2026-9-7 21:22:46-debug: refresh db internal success
2026-9-7 21:22:46-debug: refresh db assets success
2026-9-7 21:22:46-debug: Run asset db hook engine-extends:afterRefresh ...
2026-9-7 21:22:46-debug: Run asset db hook engine-extends:afterRefresh success!
2026-9-7 21:22:46-debug: asset-db:refresh-all-database (23ms)
2026-9-7 21:22:46-debug: asset-db:worker-effect-data-processing (1ms)
2026-9-7 21:22:46-debug: asset-db-hook-engine-extends-afterRefresh (1ms)
2026-9-7 21:22:51-debug: refresh db internal success
2026-9-7 21:22:51-debug: refresh db assets success
2026-9-7 21:22:51-debug: Run asset db hook engine-extends:afterRefresh ...
2026-9-7 21:22:51-debug: Run asset db hook engine-extends:afterRefresh success!
2026-9-7 21:22:51-debug: asset-db:refresh-all-database (22ms)
2026-9-7 21:22:51-debug: asset-db:worker-effect-data-processing (1ms)
2026-9-7 21:22:51-debug: asset-db-hook-engine-extends-afterRefresh (1ms)
2026-9-7 21:23:09-debug: run package(hotfix-builder) handler(disable) start
2026-9-7 21:23:09-debug: run package(hotfix-builder) handler(disable) success!
2026-9-7 21:23:13-debug: run package(hotfix-builder) handler(enable) start
2026-9-7 21:23:13-debug: run package(hotfix-builder) handler(enable) success!
2026-9-7 21:23:45-debug: refresh db internal success
2026-9-7 21:23:45-debug: Run asset db hook engine-extends:afterRefresh ...
2026-9-7 21:23:45-debug: refresh db assets success
2026-9-7 21:23:45-debug: Run asset db hook engine-extends:afterRefresh success!
2026-9-7 21:23:45-debug: asset-db:refresh-all-database (21ms)
2026-9-7 21:23:45-debug: asset-db-hook-engine-extends-afterRefresh (1ms)
2026-9-7 21:23:51-debug: refresh db internal success
2026-9-7 21:23:51-debug: refresh db assets success
2026-9-7 21:23:51-debug: Run asset db hook engine-extends:afterRefresh ...
2026-9-7 21:23:51-debug: Run asset db hook engine-extends:afterRefresh success!
2026-9-7 21:23:51-debug: asset-db:refresh-all-database (23ms)
2026-9-7 21:23:51-debug: asset-db:worker-effect-data-processing (1ms)
2026-9-7 21:23:51-debug: asset-db-hook-engine-extends-afterRefresh (1ms)
2026-9-7 21:24:08-debug: run package(hotfix-builder) handler(disable) start
2026-9-7 21:24:08-debug: run package(hotfix-builder) handler(disable) success!
2026-9-7 21:24:09-debug: run package(hotfix-builder) handler(enable) start
2026-9-7 21:24:09-debug: run package(hotfix-builder) handler(enable) success!
2026-9-7 21:24:39-debug: refresh db internal success
2026-9-7 21:24:39-debug: refresh db assets success
2026-9-7 21:24:39-debug: Run asset db hook engine-extends:afterRefresh ...
2026-9-7 21:24:39-debug: Run asset db hook engine-extends:afterRefresh success!
2026-9-7 21:24:39-debug: asset-db:refresh-all-database (19ms)
2026-9-7 21:24:39-debug: asset-db:worker-effect-data-processing (1ms)
2026-9-7 21:24:39-debug: asset-db-hook-engine-extends-afterRefresh (1ms)
2026-9-7 21:24:44-debug: refresh db internal success
2026-9-7 21:24:44-debug: refresh db assets success
2026-9-7 21:24:44-debug: Run asset db hook engine-extends:afterRefresh success!
2026-9-7 21:24:44-debug: Run asset db hook engine-extends:afterRefresh ...
2026-9-7 21:24:44-debug: asset-db:refresh-all-database (17ms)
2026-9-7 21:25:08-debug: refresh db internal success
2026-9-7 21:25:08-debug: refresh db assets success
2026-9-7 21:25:08-debug: Run asset db hook engine-extends:afterRefresh success!
2026-9-7 21:25:08-debug: Run asset db hook engine-extends:afterRefresh ...
2026-9-7 21:25:08-debug: asset-db:refresh-all-database (18ms)
2026-9-7 21:25:13-debug: refresh db internal success
2026-9-7 21:25:13-debug: refresh db assets success
2026-9-7 21:25:13-debug: Run asset db hook engine-extends:afterRefresh ...
2026-9-7 21:25:13-debug: Run asset db hook engine-extends:afterRefresh success!
2026-9-7 21:25:13-debug: asset-db:refresh-all-database (18ms)
2026-9-7 21:25:13-debug: asset-db:worker-effect-data-processing (1ms)
2026-9-7 21:25:13-debug: asset-db-hook-engine-extends-afterRefresh (1ms)
2026-9-7 21:25:32-debug: refresh db internal success
2026-9-7 21:25:32-debug: refresh db assets success
2026-9-7 21:25:32-debug: Run asset db hook engine-extends:afterRefresh success!
2026-9-7 21:25:32-debug: Run asset db hook engine-extends:afterRefresh ...
2026-9-7 21:25:32-debug: asset-db:refresh-all-database (18ms)
2026-9-7 21:25:32-debug: asset-db-hook-engine-extends-afterRefresh (1ms)
2026-9-7 21:25:46-debug: refresh db internal success
2026-9-7 21:25:46-debug: refresh db assets success
2026-9-7 21:25:46-debug: Run asset db hook engine-extends:afterRefresh ...
2026-9-7 21:25:46-debug: Run asset db hook engine-extends:afterRefresh success!
2026-9-7 21:25:46-debug: asset-db:refresh-all-database (17ms)
2026-9-7 21:26:21-debug: refresh db internal success
2026-9-7 21:26:21-debug: refresh db assets success
2026-9-7 21:26:21-debug: Run asset db hook engine-extends:afterRefresh ...
2026-9-7 21:26:21-debug: Run asset db hook engine-extends:afterRefresh success!
2026-9-7 21:26:21-debug: asset-db:refresh-all-database (21ms)
2026-9-7 21:26:21-debug: asset-db-hook-engine-extends-afterRefresh (1ms)
2026-9-7 21:26:38-debug: refresh db internal success
2026-9-7 21:26:38-debug: refresh db assets success
2026-9-7 21:26:38-debug: Run asset db hook engine-extends:afterRefresh ...
2026-9-7 21:26:38-debug: Run asset db hook engine-extends:afterRefresh success!
2026-9-7 21:26:38-debug: asset-db:refresh-all-database (17ms)
2026-9-7 21:27:16-debug: refresh db internal success
2026-9-7 21:27:16-debug: refresh db assets success
2026-9-7 21:27:16-debug: Run asset db hook engine-extends:afterRefresh ...
2026-9-7 21:27:16-debug: Run asset db hook engine-extends:afterRefresh success!
2026-9-7 21:27:16-debug: asset-db:refresh-all-database (19ms)
2026-9-7 21:27:16-debug: asset-db:worker-effect-data-processing (1ms)
2026-9-7 21:27:16-debug: asset-db-hook-engine-extends-afterRefresh (1ms)
2026-9-7 21:27:26-debug: refresh db internal success
2026-9-7 21:27:26-debug: refresh db assets success
2026-9-7 21:27:26-debug: Run asset db hook engine-extends:afterRefresh success!
2026-9-7 21:27:26-debug: Run asset db hook engine-extends:afterRefresh ...
2026-9-7 21:27:26-debug: asset-db:refresh-all-database (19ms)
2026-9-7 21:27:26-debug: asset-db-hook-engine-extends-afterRefresh (1ms)
2026-9-7 21:27:26-debug: asset-db:worker-effect-data-processing (1ms)
2026-9-7 21:31:08-debug: refresh db internal success
2026-9-7 21:31:08-debug: refresh db assets success
2026-9-7 21:31:08-debug: Run asset db hook engine-extends:afterRefresh ...
2026-9-7 21:31:08-debug: Run asset db hook engine-extends:afterRefresh success!
2026-9-7 21:31:08-debug: asset-db:refresh-all-database (19ms)
2026-9-7 21:31:08-debug: asset-db:worker-effect-data-processing (1ms)
2026-9-7 21:31:08-debug: asset-db-hook-engine-extends-afterRefresh (1ms)
2026-9-7 21:31:14-debug: refresh db internal success
2026-9-7 21:31:14-debug: refresh db assets success
2026-9-7 21:31:14-debug: Run asset db hook engine-extends:afterRefresh ...
2026-9-7 21:31:14-debug: Run asset db hook engine-extends:afterRefresh success!
2026-9-7 21:31:14-debug: asset-db:refresh-all-database (22ms)
2026-9-7 21:31:14-debug: asset-db:worker-effect-data-processing (1ms)
2026-9-7 21:31:14-debug: asset-db-hook-engine-extends-afterRefresh (1ms)
2026-9-7 21:31:31-debug: Start record console... {file(/Users/byron/custom-proj/GameBox/temp/builder/log/android9-7-2026 20-13.log)}
2026-9-7 21:31:31-debug: =================================== build Task (android) Start ================================
2026-9-7 21:31:31-debug: Start build task, options:{"name":"GameBox","server":"https://ggg","engineModulesConfigKey":"defaultConfig","platform":"android","buildPath":"project://build","debug":false,"buildMode":"normal","mangleProperties":false,"md5Cache":false,"skipCompressTexture":false,"sourceMaps":false,"overwriteProjectSettings":{"macroConfig":{"cleanupImageCache":"inherit-project-setting"},"includeModules":{"physics":"inherit-project-setting","physics-2d":"inherit-project-setting","gfx-webgl2":"off"}},"nativeCodeBundleMode":"wasm","polyfills":{"asyncFunctions":false},"experimentalEraseModules":false,"startSceneAssetBundle":false,"bundleConfigs":[],"inlineEnum":true,"useBuiltinServer":false,"md5CacheOptions":{"excludes":[],"includes":[],"replaceOnly":[],"handleTemplateMd5Link":true},"mainBundleIsRemote":false,"mainBundleCompressionType":"merge_dep","useSplashScreen":true,"bundleCommonChunk":false,"packAutoAtlas":true,"startScene":"8290b9a6-02a6-42aa-9bb4-a1783ccebaa8","outputName":"android","taskName":"android","scenes":[{"url":"db://assets/scene/main.scene","uuid":"8290b9a6-02a6-42aa-9bb4-a1783ccebaa8"}],"wasmCompressionMode":false,"binGroupConfig":{"threshold":16,"enable":false},"packages":{"android":{"packageName":"com.gamebox","resizeableActivity":true,"maxAspectRatio":"2.4","orientation":{"portrait":true,"upsideDown":false,"landscapeRight":false,"landscapeLeft":false},"apiLevel":34,"appABIs":["arm64-v8a"],"useDebugKeystore":true,"keystorePath":"","keystorePassword":"","keystoreAlias":"","keystoreAliasPassword":"","appBundle":false,"androidInstant":false,"inputSDK":false,"isSoFileCompressed":true,"remoteUrl":"","sdkPath":"","ndkPath":"","javaHome":"","javaPath":"","renderBackEnd":{"vulkan":false,"gles3":true,"gles2":true},"swappy":false,"__version__":"1.0.1"},"native":{"encrypted":false,"xxteaKey":"40q7n2J1VJd54/Lc","compressZip":false,"JobSystem":"none","__version__":"1.0.2"},"cocos-service":{"configID":"48ed6c","services":[]},"hotfix-builder":{"versionInput":"1.0.0"}},"__version__":"1.3.9","logDest":"project://temp/builder/log/android9-7-2026 20-13.log"}
2026-9-7 21:31:31-debug: Build with Cocos Creator 3.8.8
2026-9-7 21:31:31-debug: native:(onBeforeBuild) start..., progress: 0%
2026-9-7 21:31:31-debug: // ---- build task native：onBeforeBuild ----
2026-9-7 21:31:31-debug: // ---- build task native：onBeforeBuild ---- (7ms)
2026-9-7 21:31:31-debug: native:(onBeforeBuild) in 7 ms ✓, progress: 2%
2026-9-7 21:31:31-debug: cocos-service:(onBeforeBuild) start..., progress: 2%
2026-9-7 21:31:31-debug: // ---- build task cocos-service：onBeforeBuild ----
2026-9-7 21:31:31-debug: // ---- build task cocos-service：onBeforeBuild ---- (191ms)
2026-9-7 21:31:31-debug: cocos-service:(onBeforeBuild) in 191 ms ✓, progress: 4%
2026-9-7 21:31:31-debug: scene:(onBeforeBuild) start..., progress: 4%
2026-9-7 21:31:31-debug: // ---- build task scene：onBeforeBuild ----
2026-9-7 21:31:31-debug: // ---- build task scene：onBeforeBuild ---- (20ms)
2026-9-7 21:31:31-debug: Query all assets info in project
2026-9-7 21:31:31-debug: Start lock asset db..., progress: 5%
2026-9-7 21:31:31-log: Asset DB is paused with build!
2026-9-7 21:31:31-debug: scene:(onBeforeBuild) in 20 ms ✓, progress: 5%
2026-9-7 21:31:31-warn: 当前引擎模块配置内有部分模块 gfx-webgl 在当前平台 android 不支持，将会自动移除或者回退成其他模块
2026-9-7 21:31:31-debug: init custom config: keepNodeUuid: false, useCache: true
2026-9-7 21:31:31-debug: native:(onAfterInit) start..., progress: 5%
2026-9-7 21:31:31-debug: // ---- build task native：onAfterInit ----
2026-9-7 21:31:31-debug: Native engine root:/Applications/Cocos/Creator/3.8.8/CocosCreator.app/Contents/Resources/resources/3d/engine/native
2026-9-7 21:31:31-debug: // ---- build task native：onAfterInit ---- (95ms)
2026-9-7 21:31:31-debug: native:(onAfterInit) in 95 ms ✓, progress: 7%
2026-9-7 21:31:31-debug: android:(onAfterInit) start..., progress: 7%
2026-9-7 21:31:31-debug: // ---- build task android：onAfterInit ----
2026-9-7 21:31:31-debug: // ---- build task android：onAfterInit ---- (12ms)
2026-9-7 21:31:31-debug: android:(onAfterInit) in 12 ms ✓, progress: 9%
2026-9-7 21:31:31-debug: cocos-service:(onAfterInit) start..., progress: 9%
2026-9-7 21:31:31-debug: // ---- build task cocos-service：onAfterInit ----
2026-9-7 21:31:31-debug: // ---- build task cocos-service：onAfterInit ---- (251ms)
2026-9-7 21:31:31-debug: cocos-service:(onAfterInit) in 251 ms ✓, progress: 11%
2026-9-7 21:31:31-debug: // ---- build task adsense-h5g-plugin：onBeforeBundleInit ----
2026-9-7 21:31:31-debug: [adsense-h5g-plugin] remove script success
2026-9-7 21:31:31-debug: adsense-h5g-plugin:(onBeforeBundleInit) start..., progress: 11%
2026-9-7 21:31:31-debug: Skip compress image, progress: 0%
2026-9-7 21:31:31-debug: adsense-h5g-plugin:(onBeforeBundleInit) start..., progress: 0%
2026-9-7 21:31:31-debug: // ---- build task adsense-h5g-plugin：onBeforeBundleInit ---- (16ms)
2026-9-7 21:31:31-debug: adsense-h5g-plugin:(onBeforeBundleInit) in 16 ms ✓, progress: 11%
2026-9-7 21:31:31-debug: adsense-h5g-plugin:(onBeforeBundleInit) in 16 ms ✓, progress: 7%
2026-9-7 21:31:31-debug: Init all bundles start..., progress: 11%
2026-9-7 21:31:31-debug: Num of bundles: 5..., progress: 7%
2026-9-7 21:31:31-debug: native:(onAfterBundleInit) start..., progress: 7%
2026-9-7 21:31:31-debug: // ---- build task native：onAfterBundleInit ----
2026-9-7 21:31:31-debug: Init all bundles start..., progress: 7%
2026-9-7 21:31:31-debug: Num of bundles: 5..., progress: 11%
2026-9-7 21:31:31-debug: native:(onAfterBundleInit) start..., progress: 11%
2026-9-7 21:31:32-debug: // ---- build task native：onAfterBundleInit ---- (15ms)
2026-9-7 21:31:32-debug: android:(onAfterBundleInit) start..., progress: 11%
2026-9-7 21:31:32-debug: // ---- build task android：onAfterBundleInit ----
2026-9-7 21:31:32-debug: native:(onAfterBundleInit) in 15 ms ✓, progress: 13%
2026-9-7 21:31:32-debug: native:(onAfterBundleInit) in 15 ms ✓, progress: 11%
2026-9-7 21:31:32-debug: android:(onAfterBundleInit) start..., progress: 13%
2026-9-7 21:31:32-debug: // ---- build task android：onAfterBundleInit ---- (9ms)
2026-9-7 21:31:32-debug: // ---- build task 查询 Asset Bundle ----
2026-9-7 21:31:32-debug: Init bundle root assets start..., progress: 11%
2026-9-7 21:31:32-debug: Init bundle root assets start..., progress: 20%
2026-9-7 21:31:32-debug: android:(onAfterBundleInit) in 9 ms ✓, progress: 20%
2026-9-7 21:31:32-debug: 查询 Asset Bundle start, progress: 11%
2026-9-7 21:31:32-debug: android:(onAfterBundleInit) in 9 ms ✓, progress: 11%
2026-9-7 21:31:32-debug: Query preload assets/scripts from cc.config.json: 60f7195c-ec2a-45eb-ba94-8955f60e81d0,1c02ae6f-4492-4915-b8f8-7492a3b1e4cd,810e96e4-e456-4468-9b59-f4e8f39732c0,efe8e2a3-eace-427b-b4f1-cb8a937ec77d,e9aa9a3e-5b2b-4ac7-a2c7-073de2b2b24f,8bbdbcdd-5cd4-4100-b6d5-b7c9625b6107,50f4348b-c883-4e2f-8f11-ce233b859fa1,fda095cb-831d-4601-ad94-846013963de8,f92806d7-1768-443f-afe8-12bcde84d0f0,dd3a144d-ab7f-41f0-82b8-2e43a090d496,f0416e68-0200-4b77-a926-4f9d16e494da,511d2633-09a7-4bdd-ac42-f778032124b3,5d45aa00-e064-4938-b314-4265f0c2258c,9361fd90-ba52-4f84-aa93-6e878fd576ca,970b0598-bcb0-4714-91fb-2e81440dccd8,bcd64cc6-2dd9-43f6-abbe-66318d332032,d930590d-bb92-4cc8-8bd1-23cd027f9edf,a3cd009f-0ab0-420d-9278-b9fdab939bbc,6a2d0734-bd9e-4ddf-946e-caa52498cb75,c27215d8-6835-4b68-bfbb-bdeac6100c04,b5d6115f-0370-4d7c-aad3-c194cc71cf98,d1346436-ac96-4271-b863-1f4fdead95b0,971bdb23-3ff6-43eb-b422-1c30165a3663,17debcc3-0a6b-4b8a-b00b-dc58b885581e,711ebe11-f673-4cd9-9a83-63c60ba54c5b,c0143906-9aed-447e-9436-2ae8512d1b6e,14da1725-c4c2-42b4-ab08-ee0aeb6898b3,081cab31-dccd-428e-8652-f2404cc81c47,78e0584a-4343-4727-8f37-e14e65c2a2db,ba21476f-2866-4f81-9c4d-6e359316e448,871c3b6c-7379-419d-bda3-794b239ab90d,1d08ef62-a503-4ce2-8b9a-46c90873f7d3,ff9b0199-ce04-4cfe-86cc-6c719f08d6e4,de1c2107-70c8-4021-8459-6399f24d01c6,cbf30902-517f-40dc-af90-a550bac27cf1,5c601d96-e4c7-4698-991b-7ee674b11079
2026-9-7 21:31:32-debug: Init bundle root assets success..., progress: 11%
2026-9-7 21:31:32-debug:   Number of other assets: 445
2026-9-7 21:31:32-debug: Init bundle root assets success..., progress: 20%
2026-9-7 21:31:32-log: creating executor ...
2026-9-7 21:31:32-debug:   Number of all scenes: 2
2026-9-7 21:31:32-debug:   Number of all scripts: 27
2026-9-7 21:31:32-debug: reload all scripts.
2026-9-7 21:31:32-debug: [[Executor]] reload before lock
2026-9-7 21:31:32-debug: Set detail map pack:///resolution-detail-map.json: {}
2026-9-7 21:31:32-debug: /Users/byron/custom-proj/GameBox/temp/programming/packer-driver/targets/editor/chunks/93/93ba276ea7b26ffcdc433fab14afc1ed6f05647b.js resolved to /Users/byron/custom-proj/GameBox/temp/programming/packer-driver/targets/editor/chunks/93/93ba276ea7b26ffcdc433fab14afc1ed6f05647b.js is not in module cache!
2026-9-7 21:31:32-debug: [[Executor]] Module "cce:/internal/x/cc-fu/gfx-empty" loaded.
2026-9-7 21:31:32-debug: [[Executor]] Module "cce:/internal/x/cc-fu/gfx-webgpu" loaded.
2026-9-7 21:31:32-debug: [[Executor]] Module "cce:/internal/x/cc-fu/3d" loaded.
2026-9-7 21:31:32-debug: [[Executor]] Module "cce:/internal/x/cc-fu/gfx-webgl2" loaded.
2026-9-7 21:31:32-debug: [[Executor]] Module "cce:/internal/x/cc-fu/skeletal-animation" loaded.
2026-9-7 21:31:32-debug: [[Executor]] Module "cce:/internal/x/cc-fu/2d" loaded.
2026-9-7 21:31:32-debug: [[Executor]] Module "cce:/internal/x/cc-fu/sorting" loaded.
2026-9-7 21:31:32-debug: [[Executor]] Module "cce:/internal/x/cc-fu/base" loaded.
2026-9-7 21:31:32-debug: [[Executor]] Module "cce:/internal/x/cc-fu/mask" loaded.
2026-9-7 21:31:32-debug: [[Executor]] Module "cce:/internal/x/cc-fu/graphics" loaded.
2026-9-7 21:31:32-debug: [[Executor]] Module "cce:/internal/x/cc-fu/ui-skew" loaded.
2026-9-7 21:31:32-debug: [[Executor]] Module "cce:/internal/x/cc-fu/ui" loaded.
2026-9-7 21:31:32-debug: [[Executor]] Module "cce:/internal/x/cc-fu/affine-transform" loaded.
2026-9-7 21:31:32-debug: [[Executor]] Module "cce:/internal/x/cc-fu/gfx-webgl" loaded.
2026-9-7 21:31:32-debug: [[Executor]] Module "cce:/internal/x/cc-fu/particle" loaded.
2026-9-7 21:31:32-debug: [[Executor]] Module "cce:/internal/x/cc-fu/particle-2d" loaded.
2026-9-7 21:31:32-debug: [[Executor]] Module "cce:/internal/x/cc-fu/physics-framework" loaded.
2026-9-7 21:31:32-debug: [[Executor]] Module "cce:/internal/x/cc-fu/physics-cannon" loaded.
2026-9-7 21:31:32-debug: [[Executor]] Module "cce:/internal/x/cc-fu/rich-text" loaded.
2026-9-7 21:31:32-debug: [[Executor]] Module "cce:/internal/x/cc-fu/physics-ammo" loaded.
2026-9-7 21:31:32-debug: [[Executor]] Module "cce:/internal/x/cc-fu/animation" loaded.
2026-9-7 21:31:32-debug: [[Executor]] Module "cce:/internal/x/cc-fu/physics-2d-framework" loaded.
2026-9-7 21:31:32-debug: [[Executor]] Module "cce:/internal/x/cc-fu/physics-2d-box2d-jsb" loaded.
2026-9-7 21:31:32-debug: [[Executor]] Module "cce:/internal/x/cc-fu/physics-2d-box2d" loaded.
2026-9-7 21:31:32-debug: [[Executor]] Module "cce:/internal/x/cc-fu/physics-physx" loaded.
2026-9-7 21:31:32-debug: [[Executor]] Module "cce:/internal/x/cc-fu/sorting-2d" loaded.
2026-9-7 21:31:32-debug: [[Executor]] Module "cce:/internal/x/cc-fu/intersection-2d" loaded.
2026-9-7 21:31:32-debug: [[Executor]] Module "cce:/internal/x/cc-fu/primitive" loaded.
2026-9-7 21:31:32-debug: [[Executor]] Module "cce:/internal/x/cc-fu/profiler" loaded.
2026-9-7 21:31:32-debug: [[Executor]] Module "cce:/internal/x/cc-fu/geometry-renderer" loaded.
2026-9-7 21:31:32-debug: [[Executor]] Module "cce:/internal/x/cc-fu/audio" loaded.
2026-9-7 21:31:32-debug: [[Executor]] Module "cce:/internal/x/cc-fu/physics-2d-box2d-wasm" loaded.
2026-9-7 21:31:32-debug: [[Executor]] Module "cce:/internal/x/cc-fu/physics-builtin" loaded.
2026-9-7 21:31:32-debug: [[Executor]] Module "cce:/internal/x/cc-fu/physics-2d-builtin" loaded.
2026-9-7 21:31:32-debug: [[Executor]] Module "cce:/internal/x/cc-fu/terrain" loaded.
2026-9-7 21:31:32-debug: [[Executor]] Module "cce:/internal/x/cc-fu/webview" loaded.
2026-9-7 21:31:32-debug: [[Executor]] Module "cce:/internal/x/cc-fu/tween" loaded.
2026-9-7 21:31:32-debug: [[Executor]] Module "cce:/internal/x/cc-fu/tiled-map" loaded.
2026-9-7 21:31:32-debug: [[Executor]] Module "cce:/internal/x/cc-fu/vendor-google" loaded.
2026-9-7 21:31:32-debug: [[Executor]] Module "cce:/internal/x/cc-fu/spine" loaded.
2026-9-7 21:31:32-debug: [[Executor]] Module "cce:/internal/x/cc-fu/video" loaded.
2026-9-7 21:31:32-debug: [[Executor]] Module "cce:/internal/x/cc-fu/xr" loaded.
2026-9-7 21:31:32-debug: [[Executor]] Module "cce:/internal/x/cc-fu/custom-pipeline-post-process" loaded.
2026-9-7 21:31:32-debug: [[Executor]] Module "cce:/internal/x/cc-fu/legacy-pipeline" loaded.
2026-9-7 21:31:32-debug: [[Executor]] Module "cce:/internal/x/cc-fu/custom-pipeline" loaded.
2026-9-7 21:31:32-debug: [[Executor]] Module "cce:/internal/x/cc-fu/gfx-webgl" loaded.
2026-9-7 21:31:32-debug: [[Executor]] Module "cce:/internal/x/cc-fu/gfx-webgl2" loaded.
2026-9-7 21:31:32-debug: [[Executor]] Module "cce:/internal/x/cc-fu/base" loaded.
2026-9-7 21:31:32-debug: [[Executor]] Module "cce:/internal/x/cc-fu/light-probe" loaded.
2026-9-7 21:31:32-debug: [[Executor]] Module "cce:/internal/x/cc-fu/3d" loaded.
2026-9-7 21:31:32-debug: [[Executor]] Module "cce:/internal/x/cc-fu/animation" loaded.
2026-9-7 21:31:32-debug: [[Executor]] Module "cce:/internal/x/cc-fu/gfx-empty" loaded.
2026-9-7 21:31:32-debug: [[Executor]] Module "cce:/internal/x/cc-fu/2d" loaded.
2026-9-7 21:31:32-debug: [[Executor]] Module "cce:/internal/x/cc-fu/sorting" loaded.
2026-9-7 21:31:32-debug: [[Executor]] Module "cce:/internal/x/cc-fu/skeletal-animation" loaded.
2026-9-7 21:31:32-debug: [[Executor]] Module "cce:/internal/x/cc-fu/mask" loaded.
2026-9-7 21:31:32-debug: [[Executor]] Module "cce:/internal/x/cc-fu/gfx-webgpu" loaded.
2026-9-7 21:31:32-debug: [[Executor]] Module "cce:/internal/x/cc-fu/ui-skew" loaded.
2026-9-7 21:31:32-debug: [[Executor]] Module "cce:/internal/x/cc-fu/dragon-bones" loaded.
2026-9-7 21:31:32-debug: [[Executor]] Module "cce:/internal/x/cc-fu/affine-transform" loaded.
2026-9-7 21:31:32-debug: [[Executor]] Module "cce:/internal/x/cc-fu/rich-text" loaded.
2026-9-7 21:31:32-debug: [[Executor]] Module "cce:/internal/x/cc-fu/particle" loaded.
2026-9-7 21:31:32-debug: [[Executor]] Module "cce:/internal/x/cc-fu/particle-2d" loaded.
2026-9-7 21:31:32-debug: [[Executor]] Module "cce:/internal/x/cc-fu/physics-framework" loaded.
2026-9-7 21:31:32-debug: [[Executor]] Module "cce:/internal/x/cc-fu/physics-cannon" loaded.
2026-9-7 21:31:32-debug: [[Executor]] Module "cce:/internal/x/cc-fu/physics-physx" loaded.
2026-9-7 21:31:32-debug: [[Executor]] Module "cce:/internal/x/cc-fu/physics-ammo" loaded.
2026-9-7 21:31:32-debug: [[Executor]] Module "cce:/internal/x/cc-fu/physics-builtin" loaded.
2026-9-7 21:31:32-debug: [[Executor]] Module "cce:/internal/x/cc-fu/ui" loaded.
2026-9-7 21:31:32-debug: [[Executor]] Module "cce:/internal/x/cc-fu/physics-2d-box2d" loaded.
2026-9-7 21:31:32-debug: [[Executor]] Module "cce:/internal/x/cc-fu/physics-2d-builtin" loaded.
2026-9-7 21:31:32-debug: [[Executor]] Module "cce:/internal/x/cc-fu/physics-2d-box2d-wasm" loaded.
2026-9-7 21:31:32-debug: [[Executor]] Module "cce:/internal/x/cc-fu/sorting-2d" loaded.
2026-9-7 21:31:32-debug: [[Executor]] Module "cce:/internal/x/cc-fu/primitive" loaded.
2026-9-7 21:31:32-debug: [[Executor]] Module "cce:/internal/x/cc-fu/profiler" loaded.
2026-9-7 21:31:32-debug: [[Executor]] Module "cce:/internal/x/cc-fu/intersection-2d" loaded.
2026-9-7 21:31:32-debug: [[Executor]] Module "cce:/internal/x/cc-fu/graphics" loaded.
2026-9-7 21:31:32-debug: [[Executor]] Module "cce:/internal/x/cc-fu/physics-2d-framework" loaded.
2026-9-7 21:31:32-debug: [[Executor]] Module "cce:/internal/x/cc-fu/xr" loaded.
2026-9-7 21:31:32-debug: [[Executor]] Module "cce:/internal/x/cc-fu/light-probe" loaded.
2026-9-7 21:31:32-debug: [[Executor]] Module "cce:/internal/x/cc-fu/video" loaded.
2026-9-7 21:31:32-debug: [[Executor]] Module "cce:/internal/x/cc-fu/webview" loaded.
2026-9-7 21:31:32-debug: [[Executor]] Module "cce:/internal/x/cc-fu/tween" loaded.
2026-9-7 21:31:32-debug: [[Executor]] Module "cce:/internal/x/cc-fu/tiled-map" loaded.
2026-9-7 21:31:32-debug: [[Executor]] Module "cce:/internal/x/cc-fu/spine" loaded.
2026-9-7 21:31:32-debug: [[Executor]] Module "cce:/internal/x/cc-fu/dragon-bones" loaded.
2026-9-7 21:31:32-debug: [[Executor]] Module "cce:/internal/x/cc-fu/terrain" loaded.
2026-9-7 21:31:32-debug: [[Executor]] Module "cce:/internal/x/cc-fu/custom-pipeline-post-process" loaded.
2026-9-7 21:31:32-debug: [[Executor]] Module "cce:/internal/x/cc-fu/audio" loaded.
2026-9-7 21:31:32-debug: [[Executor]] Module "cce:/internal/x/cc-fu/custom-pipeline" loaded.
2026-9-7 21:31:32-debug: [[Executor]] Module "cce:/internal/x/cc-fu/physics-2d-box2d-jsb" loaded.
2026-9-7 21:31:32-debug: [[Executor]] Module "pack:///chunks/93/93ba276ea7b26ffcdc433fab14afc1ed6f05647b.js" loaded.
2026-9-7 21:31:32-debug: Invalidating 'pack:///chunks/93/93ba276ea7b26ffcdc433fab14afc1ed6f05647b.js'
2026-9-7 21:31:32-debug: [[Executor]] Module "cce:/internal/x/cc-fu/geometry-renderer" loaded.
2026-9-7 21:31:32-debug: [[Executor]] Module "cce:/internal/x/cc-fu/vendor-google" loaded.
2026-9-7 21:31:32-debug: [[Executor]] Module "pack:///chunks/93/93ba276ea7b26ffcdc433fab14afc1ed6f05647b.js" loaded.
2026-9-7 21:31:32-debug: [[Executor]] Module "cce:/internal/x/cc-fu/legacy-pipeline" loaded.
2026-9-7 21:31:32-debug: /Users/byron/custom-proj/GameBox/temp/programming/packer-driver/targets/editor/chunks/6d/6d8fd2b0177941b032ddc0733af48a561fb60657.js resolved to /Users/byron/custom-proj/GameBox/temp/programming/packer-driver/targets/editor/chunks/6d/6d8fd2b0177941b032ddc0733af48a561fb60657.js is not in module cache!
2026-9-7 21:31:32-debug: [[Executor]] Module "pack:///chunks/6d/6d8fd2b0177941b032ddc0733af48a561fb60657.js" loaded.
2026-9-7 21:31:32-debug: /Users/byron/custom-proj/GameBox/temp/programming/packer-driver/targets/editor/chunks/3a/3af2b99d9d250d0c94e80c615712be1d07b4cf47.js resolved to /Users/byron/custom-proj/GameBox/temp/programming/packer-driver/targets/editor/chunks/3a/3af2b99d9d250d0c94e80c615712be1d07b4cf47.js is not in module cache!
2026-9-7 21:31:32-debug: /Users/byron/custom-proj/GameBox/temp/programming/packer-driver/targets/editor/chunks/6a/6a5019a719a9014c047e67aa1cf34453ab8392ce.js resolved to /Users/byron/custom-proj/GameBox/temp/programming/packer-driver/targets/editor/chunks/6a/6a5019a719a9014c047e67aa1cf34453ab8392ce.js is not in module cache!
2026-9-7 21:31:32-debug: /Users/byron/custom-proj/GameBox/temp/programming/packer-driver/targets/editor/chunks/86/86b8638a66ab4c727e439f4d8cdd7595bd7cb611.js resolved to /Users/byron/custom-proj/GameBox/temp/programming/packer-driver/targets/editor/chunks/86/86b8638a66ab4c727e439f4d8cdd7595bd7cb611.js is not in module cache!
2026-9-7 21:31:32-debug: /Users/byron/custom-proj/GameBox/temp/programming/packer-driver/targets/editor/chunks/87/87c4b5d58115ee6102b02680ea6b39d34083b342.js resolved to /Users/byron/custom-proj/GameBox/temp/programming/packer-driver/targets/editor/chunks/87/87c4b5d58115ee6102b02680ea6b39d34083b342.js is not in module cache!
2026-9-7 21:31:32-debug: /Users/byron/custom-proj/GameBox/temp/programming/packer-driver/targets/editor/chunks/4f/4fd3d121a4e148a0cab634e8b8fe61cad0fda6b5.js resolved to /Users/byron/custom-proj/GameBox/temp/programming/packer-driver/targets/editor/chunks/4f/4fd3d121a4e148a0cab634e8b8fe61cad0fda6b5.js is not in module cache!
2026-9-7 21:31:32-debug: /Users/byron/custom-proj/GameBox/temp/programming/packer-driver/targets/editor/chunks/13/13619a4d60fbb6416edf8ba7ec0b195f2fcda55a.js resolved to /Users/byron/custom-proj/GameBox/temp/programming/packer-driver/targets/editor/chunks/13/13619a4d60fbb6416edf8ba7ec0b195f2fcda55a.js is not in module cache!
2026-9-7 21:31:32-debug: [[Executor]] Module "pack:///chunks/6a/6a5019a719a9014c047e67aa1cf34453ab8392ce.js" loaded.
2026-9-7 21:31:32-debug: [[Executor]] Module "cce:/internal/x/engine-export-to-editor/cc/editor/populate-internal-constants" loaded.
2026-9-7 21:31:32-debug: [[Executor]] Module "pack:///chunks/87/87c4b5d58115ee6102b02680ea6b39d34083b342.js" loaded.
2026-9-7 21:31:32-debug: [[Executor]] Module "pack:///chunks/86/86b8638a66ab4c727e439f4d8cdd7595bd7cb611.js" loaded.
2026-9-7 21:31:32-debug: [[Executor]] Register BuiltinPipelinePassBuilder
2026-9-7 21:31:32-debug: [[Executor]] Module "pack:///chunks/4f/4fd3d121a4e148a0cab634e8b8fe61cad0fda6b5.js" loaded.
2026-9-7 21:31:32-debug: [[Executor]] Register BuiltinDepthOfFieldPass
2026-9-7 21:31:32-debug: [[Executor]] Module "pack:///chunks/3a/3af2b99d9d250d0c94e80c615712be1d07b4cf47.js" loaded.
2026-9-7 21:31:32-debug: [[Executor]] Module "pack:///chunks/13/13619a4d60fbb6416edf8ba7ec0b195f2fcda55a.js" loaded.
2026-9-7 21:31:32-debug: [[Executor]] Register BuiltinPipelineSettings
2026-9-7 21:31:32-debug: [[Executor]] Module "cce:/internal/x/engine-export-to-editor/cc/editor/populate-internal-constants" loaded.
2026-9-7 21:31:32-debug: /Users/byron/custom-proj/GameBox/temp/programming/packer-driver/targets/editor/chunks/9c/9c8e4ae02cd522e18faba9e72e8803c8bdb97382.js resolved to /Users/byron/custom-proj/GameBox/temp/programming/packer-driver/targets/editor/chunks/9c/9c8e4ae02cd522e18faba9e72e8803c8bdb97382.js is not in module cache!
2026-9-7 21:31:32-debug: [[Executor]] Register DebugViewRuntimeControl
2026-9-7 21:31:32-debug: [[Executor]] Module "pack:///chunks/9c/9c8e4ae02cd522e18faba9e72e8803c8bdb97382.js" loaded.
2026-9-7 21:31:32-debug: /Users/byron/custom-proj/GameBox/temp/programming/packer-driver/targets/editor/chunks/b2/b266abe6e5c8a004a35569a0ce4a91a645ece924.js resolved to /Users/byron/custom-proj/GameBox/temp/programming/packer-driver/targets/editor/chunks/b2/b266abe6e5c8a004a35569a0ce4a91a645ece924.js is not in module cache!
2026-9-7 21:31:32-debug: /Users/byron/custom-proj/GameBox/temp/programming/packer-driver/targets/editor/chunks/5d/5d7e7cd5dab4aa75218e5a0454deda068d6567a6.js resolved to /Users/byron/custom-proj/GameBox/temp/programming/packer-driver/targets/editor/chunks/5d/5d7e7cd5dab4aa75218e5a0454deda068d6567a6.js is not in module cache!
2026-9-7 21:31:32-debug: /Users/byron/custom-proj/GameBox/temp/programming/packer-driver/targets/editor/chunks/24/24a51135d454a918abdb28c02fa0797edd16b93a.js resolved to /Users/byron/custom-proj/GameBox/temp/programming/packer-driver/targets/editor/chunks/24/24a51135d454a918abdb28c02fa0797edd16b93a.js is not in module cache!
2026-9-7 21:31:32-debug: /Users/byron/custom-proj/GameBox/temp/programming/packer-driver/targets/editor/chunks/12/12c65421cc0155055b91675091185216d6546867.js resolved to /Users/byron/custom-proj/GameBox/temp/programming/packer-driver/targets/editor/chunks/12/12c65421cc0155055b91675091185216d6546867.js is not in module cache!
2026-9-7 21:31:32-debug: /Users/byron/custom-proj/GameBox/temp/programming/packer-driver/targets/editor/chunks/5a/5aa4602142647299e494c5279080b21df8b17ba8.js resolved to /Users/byron/custom-proj/GameBox/temp/programming/packer-driver/targets/editor/chunks/5a/5aa4602142647299e494c5279080b21df8b17ba8.js is not in module cache!
2026-9-7 21:31:32-debug: /Users/byron/custom-proj/GameBox/temp/programming/packer-driver/targets/editor/chunks/b6/b6b5fe1f5e9baae816da9efb009322b57c804e53.js resolved to /Users/byron/custom-proj/GameBox/temp/programming/packer-driver/targets/editor/chunks/b6/b6b5fe1f5e9baae816da9efb009322b57c804e53.js is not in module cache!
2026-9-7 21:31:32-debug: /Users/byron/custom-proj/GameBox/temp/programming/packer-driver/targets/editor/chunks/f2/f23104a6f39ea91b7114b2470be34d9e21ffef96.js resolved to /Users/byron/custom-proj/GameBox/temp/programming/packer-driver/targets/editor/chunks/f2/f23104a6f39ea91b7114b2470be34d9e21ffef96.js is not in module cache!
2026-9-7 21:31:32-debug: /Users/byron/custom-proj/GameBox/temp/programming/packer-driver/targets/editor/chunks/15/15600ced11babfebae3faaf52d02ae2f4c66e459.js resolved to /Users/byron/custom-proj/GameBox/temp/programming/packer-driver/targets/editor/chunks/15/15600ced11babfebae3faaf52d02ae2f4c66e459.js is not in module cache!
2026-9-7 21:31:32-debug: [[Executor]] Module "pack:///chunks/15/15600ced11babfebae3faaf52d02ae2f4c66e459.js" loaded.
2026-9-7 21:31:32-debug: [[Executor]] Module "pack:///chunks/12/12c65421cc0155055b91675091185216d6546867.js" loaded.
2026-9-7 21:31:32-debug: [[Executor]] Module "pack:///chunks/f2/f23104a6f39ea91b7114b2470be34d9e21ffef96.js" loaded.
2026-9-7 21:31:32-debug: [[Executor]] Module "pack:///chunks/b6/b6b5fe1f5e9baae816da9efb009322b57c804e53.js" loaded.
2026-9-7 21:31:32-debug: [[Executor]] Module "pack:///chunks/24/24a51135d454a918abdb28c02fa0797edd16b93a.js" loaded.
2026-9-7 21:31:32-debug: [[Executor]] Module "pack:///chunks/5d/5d7e7cd5dab4aa75218e5a0454deda068d6567a6.js" loaded.
2026-9-7 21:31:32-debug: [[Executor]] Register HallView
2026-9-7 21:31:32-debug: [[Executor]] Module "pack:///chunks/b2/b266abe6e5c8a004a35569a0ce4a91a645ece924.js" loaded.
2026-9-7 21:31:32-debug: [[Executor]] Module "pack:///chunks/5a/5aa4602142647299e494c5279080b21df8b17ba8.js" loaded.
2026-9-7 21:31:32-debug: /Users/byron/custom-proj/GameBox/temp/programming/packer-driver/targets/editor/chunks/f8/f86578f64ee8c4ed3cd3b11c152a67b3c63c6191.js resolved to /Users/byron/custom-proj/GameBox/temp/programming/packer-driver/targets/editor/chunks/f8/f86578f64ee8c4ed3cd3b11c152a67b3c63c6191.js is not in module cache!
2026-9-7 21:31:32-debug: [[Executor]] Module "pack:///chunks/f8/f86578f64ee8c4ed3cd3b11c152a67b3c63c6191.js" loaded.
2026-9-7 21:31:32-debug: /Users/byron/custom-proj/GameBox/temp/programming/packer-driver/targets/editor/chunks/b8/b8504ea7cb01149096e396f4d62ef374efb97b90.js resolved to /Users/byron/custom-proj/GameBox/temp/programming/packer-driver/targets/editor/chunks/b8/b8504ea7cb01149096e396f4d62ef374efb97b90.js is not in module cache!
2026-9-7 21:31:32-debug: /Users/byron/custom-proj/GameBox/temp/programming/packer-driver/targets/editor/chunks/74/742e69fbb2c3d11edf92f8bdcc2efeb77bb0c24e.js resolved to /Users/byron/custom-proj/GameBox/temp/programming/packer-driver/targets/editor/chunks/74/742e69fbb2c3d11edf92f8bdcc2efeb77bb0c24e.js is not in module cache!
2026-9-7 21:31:32-debug: [[Executor]] Module "pack:///chunks/74/742e69fbb2c3d11edf92f8bdcc2efeb77bb0c24e.js" loaded.
2026-9-7 21:31:32-debug: [[Executor]] Register GameController
2026-9-7 21:31:32-debug: [[Executor]] Module "pack:///chunks/b8/b8504ea7cb01149096e396f4d62ef374efb97b90.js" loaded.
2026-9-7 21:31:32-debug: /Users/byron/custom-proj/GameBox/temp/programming/packer-driver/targets/editor/chunks/c7/c7b3f13953cc5ebc12020e37baef585e34bba076.js resolved to /Users/byron/custom-proj/GameBox/temp/programming/packer-driver/targets/editor/chunks/c7/c7b3f13953cc5ebc12020e37baef585e34bba076.js is not in module cache!
2026-9-7 21:31:32-debug: [[Executor]] Module "pack:///chunks/c7/c7b3f13953cc5ebc12020e37baef585e34bba076.js" loaded.
2026-9-7 21:31:32-debug: /Users/byron/custom-proj/GameBox/temp/programming/packer-driver/targets/editor/chunks/45/450f4bf87e01483c0555ff8a1a7007d732c76681.js resolved to /Users/byron/custom-proj/GameBox/temp/programming/packer-driver/targets/editor/chunks/45/450f4bf87e01483c0555ff8a1a7007d732c76681.js is not in module cache!
2026-9-7 21:31:32-debug: /Users/byron/custom-proj/GameBox/temp/programming/packer-driver/targets/editor/chunks/ef/ef617c34bd4c3aae68613b5875ba028fe3c90220.js resolved to /Users/byron/custom-proj/GameBox/temp/programming/packer-driver/targets/editor/chunks/ef/ef617c34bd4c3aae68613b5875ba028fe3c90220.js is not in module cache!
2026-9-7 21:31:32-debug: /Users/byron/custom-proj/GameBox/temp/programming/packer-driver/targets/editor/chunks/d9/d968a63b1f6a7be732e6a472bedb458e8800a5ed.js resolved to /Users/byron/custom-proj/GameBox/temp/programming/packer-driver/targets/editor/chunks/d9/d968a63b1f6a7be732e6a472bedb458e8800a5ed.js is not in module cache!
2026-9-7 21:31:32-debug: /Users/byron/custom-proj/GameBox/temp/programming/packer-driver/targets/editor/chunks/01/013a8250e9ddb89132f9af394f27aab6e5b0fcc0.js resolved to /Users/byron/custom-proj/GameBox/temp/programming/packer-driver/targets/editor/chunks/01/013a8250e9ddb89132f9af394f27aab6e5b0fcc0.js is not in module cache!
2026-9-7 21:31:32-debug: [[Executor]] Module "pack:///chunks/d9/d968a63b1f6a7be732e6a472bedb458e8800a5ed.js" loaded.
2026-9-7 21:31:32-debug: [[Executor]] Module "pack:///chunks/45/450f4bf87e01483c0555ff8a1a7007d732c76681.js" loaded.
2026-9-7 21:31:32-debug: [[Executor]] Module "pack:///chunks/ef/ef617c34bd4c3aae68613b5875ba028fe3c90220.js" loaded.
2026-9-7 21:31:32-debug: [[Executor]] Module "pack:///chunks/01/013a8250e9ddb89132f9af394f27aab6e5b0fcc0.js" loaded.
2026-9-7 21:31:32-debug: /Users/byron/custom-proj/GameBox/temp/programming/packer-driver/targets/editor/chunks/64/6486c8c6505151c6fbd05c0c4e6b2917973d56fc.js resolved to /Users/byron/custom-proj/GameBox/temp/programming/packer-driver/targets/editor/chunks/64/6486c8c6505151c6fbd05c0c4e6b2917973d56fc.js is not in module cache!
2026-9-7 21:31:32-debug: [[Executor]] Module "pack:///chunks/64/6486c8c6505151c6fbd05c0c4e6b2917973d56fc.js" loaded.
2026-9-7 21:31:32-debug: [[Executor]] Module "pack:///chunks/24/24151802ccc33fda32aaaaa5d3f0f252bc70b3a7.js" loaded.
2026-9-7 21:31:32-debug: /Users/byron/custom-proj/GameBox/temp/programming/packer-driver/targets/editor/chunks/24/24151802ccc33fda32aaaaa5d3f0f252bc70b3a7.js resolved to /Users/byron/custom-proj/GameBox/temp/programming/packer-driver/targets/editor/chunks/24/24151802ccc33fda32aaaaa5d3f0f252bc70b3a7.js is not in module cache!
2026-9-7 21:31:32-debug: /Users/byron/custom-proj/GameBox/temp/programming/packer-driver/targets/editor/chunks/f6/f6298e0677cff2cd4b81597711fdf2f4a9cd6dd0.js resolved to /Users/byron/custom-proj/GameBox/temp/programming/packer-driver/targets/editor/chunks/f6/f6298e0677cff2cd4b81597711fdf2f4a9cd6dd0.js is not in module cache!
2026-9-7 21:31:32-debug: [[Executor]] Module "pack:///chunks/f6/f6298e0677cff2cd4b81597711fdf2f4a9cd6dd0.js" loaded.
2026-9-7 21:31:32-debug: /Users/byron/custom-proj/GameBox/temp/programming/packer-driver/targets/editor/chunks/6b/6b59555042a9092ad18f700c6cfe2d9a6b357b3b.js resolved to /Users/byron/custom-proj/GameBox/temp/programming/packer-driver/targets/editor/chunks/6b/6b59555042a9092ad18f700c6cfe2d9a6b357b3b.js is not in module cache!
2026-9-7 21:31:32-debug: [[Executor]] Register Palette
2026-9-7 21:31:32-debug: [[Executor]] Module "pack:///chunks/6b/6b59555042a9092ad18f700c6cfe2d9a6b357b3b.js" loaded.
2026-9-7 21:31:32-debug: [[Executor]] Module "pack:///chunks/d4/d4a2b776ab5f70113334189e7d040418f0451a53.js" loaded.
2026-9-7 21:31:32-debug: /Users/byron/custom-proj/GameBox/temp/programming/packer-driver/targets/editor/chunks/d4/d4a2b776ab5f70113334189e7d040418f0451a53.js resolved to /Users/byron/custom-proj/GameBox/temp/programming/packer-driver/targets/editor/chunks/d4/d4a2b776ab5f70113334189e7d040418f0451a53.js is not in module cache!
2026-9-7 21:31:32-debug: [[Executor]] Module "pack:///chunks/6d/6d8fd2b0177941b032ddc0733af48a561fb60657.js" loaded.
2026-9-7 21:31:32-debug: [[Executor]] after unlock
2026-9-7 21:31:32-debug: Incremental keys: regeneratorRuntime,b2jsb,MainBundle,UIPath,MaxPage,MaxFullPage,MaxPopPage,on,once,trigger,off,clearEvent,getInst,startGame,stopGame,LOG,WARN,ERROR,LogApi,ResetTo,PopTo,SwitchTo,ShowDialog,ShowTip,ShowCommon
2026-9-7 21:31:32-debug: Init bundle share assets start..., progress: 11%
2026-9-7 21:31:32-debug: Init bundle share assets start..., progress: 20%
2026-9-7 21:31:32-debug: Init bundle share assets success..., progress: 11%
2026-9-7 21:31:32-debug: Init bundle share assets success..., progress: 20%
2026-9-7 21:31:32-debug: handle json group in bundle internal
2026-9-7 21:31:32-debug: handle json group in bundle Hall
2026-9-7 21:31:32-debug: handle json group in bundle InsectXiaoxiaole
2026-9-7 21:31:32-debug: handle json group in bundle internal success
2026-9-7 21:31:32-debug: handle json group in bundle Common success
2026-9-7 21:31:32-debug: init image compress task 0 in bundle Common
2026-9-7 21:31:32-debug: handle json group in bundle main success
2026-9-7 21:31:32-debug: init image compress task 0 in bundle internal
2026-9-7 21:31:32-debug: handle json group in bundle Hall success
2026-9-7 21:31:32-debug: init image compress task 0 in bundle Hall
2026-9-7 21:31:32-debug: handle json group in bundle InsectXiaoxiaole success
2026-9-7 21:31:32-debug: init image compress task 0 in bundle InsectXiaoxiaole
2026-9-7 21:31:32-debug: init image compress task 0 in bundle main
2026-9-7 21:31:32-debug: handle json group in bundle main
2026-9-7 21:31:32-debug: handle json group in bundle Common
2026-9-7 21:31:32-debug: // ---- build task 查询 Asset Bundle ---- (86ms)
2026-9-7 21:31:32-debug: [Build Memory track]: 查询 Asset Bundle start:239.09MB, end 240.25MB, increase: 1.16MB
2026-9-7 21:31:32-debug: 查询 Asset Bundle start, progress: 16%
2026-9-7 21:31:32-debug: // ---- build task 查询 Asset Bundle ----
2026-9-7 21:31:32-log: run build task 查询 Asset Bundle success in 86 ms√, progress: 16%
2026-9-7 21:31:32-debug: // ---- build task 查询 Asset Bundle ---- (11ms)
2026-9-7 21:31:32-log: run build task 查询 Asset Bundle success in 11 ms√, progress: 21%
2026-9-7 21:31:32-debug: native:(onAfterBundleDataTask) start..., progress: 21%
2026-9-7 21:31:32-debug: // ---- build task native：onAfterBundleDataTask ----
2026-9-7 21:31:32-debug: native:(onAfterBundleDataTask) start..., progress: 20%
2026-9-7 21:31:32-debug: [Build Memory track]: 查询 Asset Bundle start:240.29MB, end 240.52MB, increase: 235.36KB
2026-9-7 21:31:32-debug: // ---- build task native：onAfterBundleDataTask ---- (9ms)
2026-9-7 21:31:32-debug: native:(onAfterBundleDataTask) in 9 ms ✓, progress: 27%
2026-9-7 21:31:32-debug: native:(onAfterBundleDataTask) in 9 ms ✓, progress: 21%
2026-9-7 21:31:32-debug: // ---- build task 打包脚本 ----
2026-9-7 21:31:32-debug: 打包脚本 start, progress: 21%
2026-9-7 21:31:32-log: [buildPolyfillsCommand]enter sub process 14383, 9229, see: chrome://inspect/#devices
2026-9-7 21:31:32-log: [buildPolyfillsCommand]Caught exception during build core-js: WebpackOptionsValidationError: Invalid configuration object. Webpack has been initialised using a configuration object that does not match the API schema. - configuration.entry should be an non-empty array.   -> A non-empty array of non-empty stringsThis may indicates the core-js polyfill is not necessary. See https://github.com/zloirock/core-js/issues/822
2026-9-7 21:31:32-debug: execute-script-end with buildPolyfillsCommand 722ms
2026-9-7 21:31:32-debug: Generate systemJs..., progress: 21%
2026-9-7 21:31:33-debug: execute-script-end with buildSystemJsCommand 837ms
2026-9-7 21:31:33-debug: 构建项目脚本 start..., progress: 21%
2026-9-7 21:31:33-debug: 构建项目脚本 start..., progress: 27%
2026-9-7 21:31:34-log: [buildScriptCommand]Number of non-entry chunks: 5
2026-9-7 21:31:34-debug: execute-script-end with buildScriptCommand 858ms
2026-9-7 21:31:34-debug: Copy externalScripts success!
2026-9-7 21:31:34-debug: 构建项目脚本 in (879 ms) √, progress: 21%
2026-9-7 21:31:34-debug: 构建项目脚本 in (879 ms) √, progress: 27%
2026-9-7 21:31:34-debug: 构建引擎脚本 start..., progress: 21%
2026-9-7 21:31:34-debug: mangleProperties is enabled, found engine-mangle-config.json, use it
2026-9-7 21:31:34-debug: Error: Exit process with code:null, signal:SIGTERM in task build-script    at ChildProcess.<anonymous> (/Applications/Cocos/Creator/3.8.8/CocosCreator.app/Contents/Resources/app.asar/builtin/builder/dist/worker/worker-pools/sub-process-manager.ccc:1:2409)    at ChildProcess.emit (node:events:519:28)    at Process.ChildProcess._handle.onexit (node:internal/child_process:294:12)
2026-9-7 21:31:34-debug: Use cache engine: {link(/var/folders/7t/9_hr0j7913s_fxkzfpcnpfy40000gn/T/CocosCreator/3.8.8/builder/engine/aca153c37e28b7fa48e779789cbe0f57)}
2026-9-7 21:31:34-debug: Use cache, md5String: debug=false,sourceMaps=false,includeModules=["2d","3d","affine-transform","animation","audio","base","custom-pipeline","dragon-bones","graphics","intersection-2d","light-probe","marionette","mask","particle","particle-2d","physics-2d-box2d","physics-ammo","primitive","profiler","rich-text","skeletal-animation","spine-3.8","terrain","tiled-map","tween","ui","ui-skew","video","websocket","webview","custom-pipeline-builtin-scripts"],engineVersion="3.8.8",platformType="ANDROID",split=undefined,nativeCodeBundleMode="wasm",targets="chrome 80",entry="/Applications/Cocos/Creator/3.8.8/CocosCreator.app/Contents/Resources/resources/3d/engine",noDeprecatedFeatures=undefined,loose=true,assetURLFormat=undefined,flags={"DEBUG":false,"LOAD_BULLET_MANUALLY":false,"LOAD_SPINE_MANUALLY":false},preserveType=undefined,wasmCompressionMode=false,enableNamedRegisterForSystemJSModuleFormat=undefined,mangleProperties=false,inlineEnum=true,
2026-9-7 21:31:34-debug: Use cache, options: {  "entry": "/Applications/Cocos/Creator/3.8.8/CocosCreator.app/Contents/Resources/resources/3d/engine",  "debug": false,  "mangleProperties": false,  "inlineEnum": true,  "sourceMaps": false,  "includeModules": [    "2d",    "3d",    "affine-transform",    "animation",    "audio",    "base",    "custom-pipeline",    "dragon-bones",    "graphics",    "intersection-2d",    "light-probe",    "marionette",    "mask",    "particle",    "particle-2d",    "physics-2d-box2d",    "physics-ammo",    "primitive",    "profiler",    "rich-text",    "skeletal-animation",    "spine-3.8",    "terrain",    "tiled-map",    "tween",    "ui",    "ui-skew",    "video",    "websocket",    "webview",    "custom-pipeline-builtin-scripts"  ],  "engineVersion": "3.8.8",  "md5Map": [],  "engineName": "cocos-js",  "output": "/Users/byron/custom-proj/GameBox/build/android/data/src/cocos-js",  "platformType": "ANDROID",  "useCache": true,  "nativeCodeBundleMode": "wasm",  "wasmCompressionMode": false,  "targets": "chrome 80",  "flags": {    "DEBUG": false,    "LOAD_BULLET_MANUALLY": false,    "LOAD_SPINE_MANUALLY": false  }}
2026-9-7 21:31:34-debug: 构建引擎脚本 in (31 ms) √, progress: 21%
2026-9-7 21:31:34-debug: Copy plugin script ..., progress: 21%
2026-9-7 21:31:34-debug: Generate import-map..., progress: 21%
2026-9-7 21:31:34-debug: // ---- build task 打包脚本 ---- (2484ms)
2026-9-7 21:31:34-debug: // ---- build task Build Assets ----
2026-9-7 21:31:34-debug: Build bundles..., progress: 26%
2026-9-7 21:31:34-debug: Pack Images start, progress: 26%
2026-9-7 21:31:34-debug: Pack Images start, progress: 27%
2026-9-7 21:31:34-log: run build task 打包脚本 success in 2 s√, progress: 26%
2026-9-7 21:31:34-debug: Build Assets start, progress: 26%
2026-9-7 21:31:34-debug: Number of pac assets: 2
2026-9-7 21:31:34-debug: [Build Memory track]: 打包脚本 start:240.84MB, end 228.22MB, increase: -12918.70KB
2026-9-7 21:31:34-debug: Get Cache info of pac success {asset(4cb4a00e-c1f5-421c-9de0-6736f3172569)}
2026-9-7 21:31:34-debug: start sort bundle in pac4cb4a00e-c1f5-421c-9de0-6736f3172569
2026-9-7 21:31:34-debug: remove spriteAtlas._uuid : {asset(4cb4a00e-c1f5-421c-9de0-6736f3172569)}
2026-9-7 21:31:34-debug: end sort bundle in pac4cb4a00e-c1f5-421c-9de0-6736f3172569
2026-9-7 21:31:34-debug: Number of pack results: 1
2026-9-7 21:31:34-debug: start collect depend assets in pac4cb4a00e-c1f5-421c-9de0-6736f3172569
2026-9-7 21:31:34-debug: Asset {asset(db://assets/Hall/textures/HallView/auto-atlas.pac)} is Bundle
2026-9-7 21:31:34-debug: builder:pack-auto-atlas-image (50ms)
2026-9-7 21:31:34-debug: Compress image start..., progress: 26%
2026-9-7 21:31:34-debug: sort compress task {}
2026-9-7 21:31:34-debug: Num of all image compress task 0, really: 0, configTasks: 0
2026-9-7 21:31:34-debug: No image need to compress
2026-9-7 21:31:34-debug: Compress image success..., progress: 26%
2026-9-7 21:31:34-debug: Compress image success..., progress: 27%
2026-9-7 21:31:34-debug: Output asset in bundles start, progress: 26%
2026-9-7 21:31:34-debug: Compress image start..., progress: 27%
2026-9-7 21:31:34-debug: Handle all json groups in bundle internal
2026-9-7 21:31:34-debug: handle json group
2026-9-7 21:31:34-debug: Pack Images success, progress: 27%
2026-9-7 21:31:34-debug: handle json group
2026-9-7 21:31:34-debug: Handle all json groups in bundle Common
2026-9-7 21:31:34-debug: handle json group
2026-9-7 21:31:34-debug: handle single json
2026-9-7 21:31:34-debug: Handle all json groups in bundle Hall
2026-9-7 21:31:34-debug: handle json group
2026-9-7 21:31:34-debug: Pack Images success, progress: 26%
2026-9-7 21:31:34-debug: handle json group
2026-9-7 21:31:34-debug: Handle all json groups in bundle main
2026-9-7 21:31:34-debug: Handle all json groups in bundle InsectXiaoxiaole
2026-9-7 21:31:34-debug: Output asset in bundles start, progress: 27%
2026-9-7 21:31:34-debug: handle single json
2026-9-7 21:31:34-debug: Json group(0dff29e57) compile success，json number: 6
2026-9-7 21:31:34-debug: handle single json
2026-9-7 21:31:34-debug: Json group(096135cb0) compile success，json number: 6
2026-9-7 21:31:34-debug: Json group(09667c353) compile success，json number: 6
2026-9-7 21:31:34-debug: handle single json
2026-9-7 21:31:34-debug: Json group(07d3aae9f) compile success，json number: 6
2026-9-7 21:31:34-debug: handle single json
2026-9-7 21:31:34-debug: Output asset in bundles success, progress: 26%
2026-9-7 21:31:34-debug: Output asset in bundles success, progress: 27%
2026-9-7 21:31:34-debug: Output asset in bundles start, progress: 26%
2026-9-7 21:31:34-debug: compress config of bundle main...
2026-9-7 21:31:34-debug: compress config of bundle main success
2026-9-7 21:31:34-debug: compress config of bundle Common...
2026-9-7 21:31:34-debug: compress config of bundle Common success
2026-9-7 21:31:34-debug: Output asset in bundles start, progress: 27%
2026-9-7 21:31:34-debug: compress config of bundle Hall success
2026-9-7 21:31:34-debug: compress config of bundle Hall...
2026-9-7 21:31:34-debug: compress config of bundle InsectXiaoxiaole success
2026-9-7 21:31:34-debug: output config of bundle internal
2026-9-7 21:31:34-debug: output config of bundle internal success
2026-9-7 21:31:34-debug: output config of bundle main
2026-9-7 21:31:34-debug: compress config of bundle internal...
2026-9-7 21:31:34-debug: output config of bundle Common
2026-9-7 21:31:34-debug: output config of bundle Common success
2026-9-7 21:31:34-debug: output config of bundle Hall
2026-9-7 21:31:34-debug: output config of bundle Hall success
2026-9-7 21:31:34-debug: compress config of bundle InsectXiaoxiaole...
2026-9-7 21:31:34-debug: output config of bundle main success
2026-9-7 21:31:34-debug: output config of bundle InsectXiaoxiaole
2026-9-7 21:31:34-debug: Output asset in bundles success, progress: 26%
2026-9-7 21:31:34-debug: compress config of bundle internal success
2026-9-7 21:31:34-debug: output config of bundle InsectXiaoxiaole success
2026-9-7 21:31:34-debug: Output asset in bundles success, progress: 27%
2026-9-7 21:31:34-debug: // ---- build task Build Assets ---- (135ms)
2026-9-7 21:31:34-debug: // ---- build task 整理部分构建选项内数据到 settings.json ----
2026-9-7 21:31:34-log: run build task Build Assets success in 135 ms√, progress: 31%
2026-9-7 21:31:34-debug: 整理部分构建选项内数据到 settings.json start, progress: 31%
2026-9-7 21:31:34-debug: [Build Memory track]: Build Assets start:228.26MB, end 231.91MB, increase: 3.65MB
2026-9-7 21:31:34-debug: // ---- build task 整理部分构建选项内数据到 settings.json ---- (13ms)
2026-9-7 21:31:34-debug: // ---- build task 填充脚本数据到 settings.json ----
2026-9-7 21:31:34-debug: [Build Memory track]: 整理部分构建选项内数据到 settings.json start:232.00MB, end 232.12MB, increase: 123.77KB
2026-9-7 21:31:34-debug: 填充脚本数据到 settings.json start, progress: 33%
2026-9-7 21:31:34-log: run build task 整理部分构建选项内数据到 settings.json success in 13 ms√, progress: 33%
2026-9-7 21:31:34-debug: // ---- build task 填充脚本数据到 settings.json ---- (10ms)
2026-9-7 21:31:34-debug: 整理部分构建选项内数据到 settings.json start, progress: 34%
2026-9-7 21:31:34-debug: [Build Memory track]: 填充脚本数据到 settings.json start:232.15MB, end 232.27MB, increase: 123.82KB
2026-9-7 21:31:34-debug: // ---- build task 整理部分构建选项内数据到 settings.json ----
2026-9-7 21:31:34-log: run build task 填充脚本数据到 settings.json success in 10 ms√, progress: 34%
2026-9-7 21:31:34-debug: // ---- build task 整理部分构建选项内数据到 settings.json ---- (13ms)
2026-9-7 21:31:34-debug: cocos-service:(onBeforeCompressSettings) start..., progress: 36%
2026-9-7 21:31:34-debug: [Build Memory track]: 整理部分构建选项内数据到 settings.json start:232.30MB, end 232.52MB, increase: 231.33KB
2026-9-7 21:31:34-log: run build task 整理部分构建选项内数据到 settings.json success in 13 ms√, progress: 36%
2026-9-7 21:31:34-debug: // ---- build task cocos-service：onBeforeCompressSettings ----
2026-9-7 21:31:34-debug: // ---- build task cocos-service：onBeforeCompressSettings ---- (202ms)
2026-9-7 21:31:34-debug: cocos-service:(onBeforeCompressSettings) in 202 ms ✓, progress: 38%
2026-9-7 21:31:34-debug: 整理静态模板文件 start, progress: 38%
2026-9-7 21:31:34-debug: // ---- build task 整理静态模板文件 ----
2026-9-7 21:31:35-debug: // ---- build task 整理静态模板文件 ---- (28ms)
2026-9-7 21:31:35-debug: native:(onAfterCompressSettings) start..., progress: 43%
2026-9-7 21:31:35-debug: // ---- build task native：onAfterCompressSettings ----
2026-9-7 21:31:35-log: run build task 整理静态模板文件 success in 28 ms√, progress: 43%
2026-9-7 21:31:35-debug: [Build Memory track]: 整理静态模板文件 start:232.80MB, end 236.51MB, increase: 3.71MB
2026-9-7 21:31:35-log: Checking template version...
2026-9-7 21:31:35-log: Validating template consistency...
2026-9-7 21:31:35-debug: generateCMakeConfig, {"CC_USE_GLES3":"set(CC_USE_GLES3 ON)","CC_USE_GLES2":"set(CC_USE_GLES2 ON)","USE_SERVER_MODE":"set(USE_SERVER_MODE OFF)","NET_MODE":"set(NET_MODE 0)","XXTEAKEY":"","CC_ENABLE_SWAPPY":"set(CC_ENABLE_SWAPPY OFF)","APP_NAME":"set(APP_NAME \"GameBox\")","COCOS_X_PATH":"set(COCOS_X_PATH \"/Applications/Cocos/Creator/3.8.8/CocosCreator.app/Contents/Resources/resources/3d/engine/native\")","USE_JOB_SYSTEM_TASKFLOW":"set(USE_JOB_SYSTEM_TASKFLOW OFF)","USE_JOB_SYSTEM_TBB":"set(USE_JOB_SYSTEM_TBB OFF)","ENABLE_FLOAT_OUTPUT":"set(ENABLE_FLOAT_OUTPUT OFF)","USE_PHYSICS_PHYSX":"set(USE_PHYSICS_PHYSX OFF)","USE_BOX2D_JSB":"set(USE_BOX2D_JSB OFF)","USE_OCCLUSION_QUERY":"set(USE_OCCLUSION_QUERY OFF)","USE_GEOMETRY_RENDERER":"set(USE_GEOMETRY_RENDERER OFF)","USE_DEBUG_RENDERER":"set(USE_DEBUG_RENDERER OFF)","USE_AUDIO":"set(USE_AUDIO ON)","USE_VIDEO":"set(USE_VIDEO ON)","USE_WEBVIEW":"set(USE_WEBVIEW ON)","USE_SOCKET":"set(USE_SOCKET ON)","USE_WEBSOCKET_SERVER":"set(USE_WEBSOCKET_SERVER OFF)","USE_VENDOR":"set(USE_VENDOR OFF)","USE_SPINE_3_8":"set(USE_SPINE_3_8 ON)","USE_SPINE_4_2":"set(USE_SPINE_4_2 OFF)","USE_DRAGONBONES":"set(USE_DRAGONBONES ON)","CC_USE_VULKAN":"set(CC_USE_VULKAN OFF)","USE_ADPF":"set(USE_ADPF ON)"}
2026-9-7 21:31:35-log: While replace template content, file /Users/byron/custom-proj/GameBox/build/android/proj/main.cpp
2026-9-7 21:31:35-log: While replace template content, file /Users/byron/custom-proj/GameBox/build/android/proj/main.m
2026-9-7 21:31:35-log: While replace template content, file /Users/byron/custom-proj/GameBox/native/engine/android/entry/src/main/config.json
2026-9-7 21:31:35-log: update settings.properties
2026-9-7 21:31:35-log: update gradle.properties
2026-9-7 21:31:35-log: AndroidManifest.xml has already been updated!
2026-9-7 21:31:35-log: AndroidAPI level 34
2026-9-7 21:31:35-debug: // ---- build task native：onAfterCompressSettings ---- (38ms)
2026-9-7 21:31:35-debug: native:(onAfterCompressSettings) in 38 ms ✓, progress: 45%
2026-9-7 21:31:35-debug: cocos-service:(onAfterCompressSettings) start..., progress: 45%
2026-9-7 21:31:35-debug: // ---- build task cocos-service：onAfterCompressSettings ----
2026-9-7 21:31:35-debug: // ---- build task cocos-service：onAfterCompressSettings ---- (129ms)
2026-9-7 21:31:35-debug: cocos-service:(onAfterCompressSettings) in 129 ms ✓, progress: 46%
2026-9-7 21:31:35-debug: // ---- build task 给所有的资源加上 MD5 后缀 ----
2026-9-7 21:31:35-debug: 给所有的资源加上 MD5 后缀 start, progress: 46%
2026-9-7 21:31:35-debug: // ---- build task 给所有的资源加上 MD5 后缀 ---- (14ms)
2026-9-7 21:31:35-debug: // ---- build task native：onAfterBuild ----
2026-9-7 21:31:35-debug: native:(onAfterBuild) start..., progress: 56%
2026-9-7 21:31:35-debug: [Build Memory track]: 给所有的资源加上 MD5 后缀 start:234.56MB, end 235.03MB, increase: 483.62KB
2026-9-7 21:31:35-log: run build task 给所有的资源加上 MD5 后缀 success in 14 ms√, progress: 56%
2026-9-7 21:31:35-debug: // ---- build task native：onAfterBuild ---- (11ms)
2026-9-7 21:31:35-debug: native:(onAfterBuild) in 11 ms ✓, progress: 58%
2026-9-7 21:31:35-debug: cocos-service:(onAfterBuild) start..., progress: 58%
2026-9-7 21:31:35-debug: // ---- build task cocos-service：onAfterBuild ----
2026-9-7 21:31:35-debug: // ---- build task cocos-service：onAfterBuild ---- (206ms)
2026-9-7 21:31:35-debug: cocos-service:(onAfterBuild) in 206 ms ✓, progress: 60%
2026-9-7 21:31:35-debug: adsense-h5g-plugin:(onAfterBuild) start..., progress: 60%
2026-9-7 21:31:35-debug: // ---- build task adsense-h5g-plugin：onAfterBuild ----
2026-9-7 21:31:35-debug: // ---- build task adsense-h5g-plugin：onAfterBuild ---- (13ms)
2026-9-7 21:31:35-debug: adsense-h5g-plugin:(onAfterBuild) in 13 ms ✓, progress: 62%
2026-9-7 21:31:35-log: Asset DB is resume!
2026-9-7 21:31:35-debug: builder:build-project-total (4071ms)
2026-9-7 21:31:35-debug: build task(android) in 4071!
2026-9-7 21:31:35-debug: [Build Memory track]: builder:build-project-total start:233.73MB, end 239.74MB, increase: 6.00MB
2026-9-7 21:31:35-debug: ================================ build Task (android) Finished in (4 s)ms ================================
2026-9-7 21:31:35-debug: Stop record console. {file(/Users/byron/custom-proj/GameBox/temp/builder/log/android9-7-2026 20-13.log)}
2026-9-7 21:32:15-debug: refresh db internal success
2026-9-7 21:32:15-debug: refresh db assets success
2026-9-7 21:32:15-debug: Run asset db hook engine-extends:afterRefresh ...
2026-9-7 21:32:15-debug: Run asset db hook engine-extends:afterRefresh success!
2026-9-7 21:32:15-debug: asset-db:refresh-all-database (33ms)
2026-9-7 21:32:15-debug: asset-db-hook-engine-extends-afterRefresh (1ms)
2026-9-7 21:32:15-debug: asset-db:worker-effect-data-processing (1ms)
2026-9-7 21:32:32-debug: refresh db internal success
2026-9-7 21:32:32-debug: refresh db assets success
2026-9-7 21:32:32-debug: Run asset db hook engine-extends:afterRefresh ...
2026-9-7 21:32:32-debug: Run asset db hook engine-extends:afterRefresh success!
2026-9-7 21:32:32-debug: asset-db:refresh-all-database (20ms)
2026-9-7 21:32:32-debug: asset-db:worker-effect-data-processing (1ms)
2026-9-7 21:32:32-debug: asset-db-hook-engine-extends-afterRefresh (1ms)
2026-9-7 21:36:52-debug: refresh db internal success
2026-9-7 21:36:52-debug: refresh db assets success
2026-9-7 21:36:52-debug: Run asset db hook engine-extends:afterRefresh success!
2026-9-7 21:36:52-debug: Run asset db hook engine-extends:afterRefresh ...
2026-9-7 21:36:52-debug: asset-db:refresh-all-database (18ms)
2026-9-7 21:36:52-debug: asset-db:worker-effect-data-processing (1ms)
2026-9-7 21:36:52-debug: asset-db-hook-engine-extends-afterRefresh (1ms)
2026-9-7 21:36:59-debug: refresh db internal success
2026-9-7 21:36:59-debug: refresh db assets success
2026-9-7 21:36:59-debug: Run asset db hook engine-extends:afterRefresh ...
2026-9-7 21:36:59-debug: Run asset db hook engine-extends:afterRefresh success!
2026-9-7 21:36:59-debug: asset-db:refresh-all-database (17ms)
2026-9-7 21:36:59-debug: asset-db-hook-engine-extends-afterRefresh (1ms)
2026-9-7 21:37:15-debug: refresh db internal success
2026-9-7 21:37:15-debug: refresh db assets success
2026-9-7 21:37:15-debug: Run asset db hook engine-extends:afterRefresh ...
2026-9-7 21:37:15-debug: Run asset db hook engine-extends:afterRefresh success!
2026-9-7 21:37:15-debug: asset-db:refresh-all-database (20ms)
2026-9-7 21:37:15-debug: asset-db:worker-effect-data-processing (1ms)
2026-9-7 21:37:15-debug: asset-db-hook-engine-extends-afterRefresh (1ms)
2026-9-7 21:37:32-debug: Start record console... {file(/Users/byron/custom-proj/GameBox/temp/builder/log/android9-7-2026 20-13.log)}
2026-9-7 21:37:32-debug: =================================== build Task (android) Start ================================
2026-9-7 21:37:32-debug: Start build task, options:{"name":"GameBox","server":"https://ggg","engineModulesConfigKey":"defaultConfig","platform":"android","buildPath":"project://build","debug":false,"buildMode":"normal","mangleProperties":false,"md5Cache":false,"skipCompressTexture":false,"sourceMaps":false,"overwriteProjectSettings":{"macroConfig":{"cleanupImageCache":"inherit-project-setting"},"includeModules":{"physics":"inherit-project-setting","physics-2d":"inherit-project-setting","gfx-webgl2":"off"}},"nativeCodeBundleMode":"wasm","polyfills":{"asyncFunctions":false},"experimentalEraseModules":false,"startSceneAssetBundle":false,"bundleConfigs":[],"inlineEnum":true,"useBuiltinServer":false,"md5CacheOptions":{"excludes":[],"includes":[],"replaceOnly":[],"handleTemplateMd5Link":true},"mainBundleIsRemote":false,"mainBundleCompressionType":"merge_dep","useSplashScreen":true,"bundleCommonChunk":false,"packAutoAtlas":true,"startScene":"8290b9a6-02a6-42aa-9bb4-a1783ccebaa8","outputName":"android","taskName":"android","scenes":[{"url":"db://assets/scene/main.scene","uuid":"8290b9a6-02a6-42aa-9bb4-a1783ccebaa8"}],"wasmCompressionMode":false,"binGroupConfig":{"threshold":16,"enable":false},"packages":{"android":{"packageName":"com.gamebox","resizeableActivity":true,"maxAspectRatio":"2.4","orientation":{"portrait":true,"upsideDown":false,"landscapeRight":false,"landscapeLeft":false},"apiLevel":34,"appABIs":["arm64-v8a"],"useDebugKeystore":true,"keystorePath":"","keystorePassword":"","keystoreAlias":"","keystoreAliasPassword":"","appBundle":false,"androidInstant":false,"inputSDK":false,"isSoFileCompressed":true,"remoteUrl":"","sdkPath":"","ndkPath":"","javaHome":"","javaPath":"","renderBackEnd":{"vulkan":false,"gles3":true,"gles2":true},"swappy":false,"__version__":"1.0.1"},"native":{"encrypted":false,"xxteaKey":"40q7n2J1VJd54/Lc","compressZip":false,"JobSystem":"none","__version__":"1.0.2"},"cocos-service":{"configID":"48ed6c","services":[]},"hotfix-builder":{"versionInput":"1.0.0"}},"__version__":"1.3.9","logDest":"project://temp/builder/log/android9-7-2026 20-13.log"}
2026-9-7 21:37:32-debug: Build with Cocos Creator 3.8.8
2026-9-7 21:37:32-debug: native:(onBeforeBuild) start..., progress: 0%
2026-9-7 21:37:32-debug: // ---- build task native：onBeforeBuild ----
2026-9-7 21:37:32-debug: // ---- build task native：onBeforeBuild ---- (10ms)
2026-9-7 21:37:32-debug: // ---- build task cocos-service：onBeforeBuild ----
2026-9-7 21:37:32-debug: cocos-service:(onBeforeBuild) start..., progress: 2%
2026-9-7 21:37:32-debug: native:(onBeforeBuild) in 10 ms ✓, progress: 2%
2026-9-7 21:37:32-debug: // ---- build task cocos-service：onBeforeBuild ---- (434ms)
2026-9-7 21:37:32-debug: cocos-service:(onBeforeBuild) in 434 ms ✓, progress: 4%
2026-9-7 21:37:32-debug: scene:(onBeforeBuild) start..., progress: 4%
2026-9-7 21:37:32-debug: // ---- build task scene：onBeforeBuild ----
2026-9-7 21:37:32-debug: // ---- build task scene：onBeforeBuild ---- (21ms)
2026-9-7 21:37:32-debug: scene:(onBeforeBuild) in 21 ms ✓, progress: 5%
2026-9-7 21:37:32-debug: Start lock asset db..., progress: 5%
2026-9-7 21:37:32-log: Asset DB is paused with build!
2026-9-7 21:37:32-debug: Query all assets info in project
2026-9-7 21:37:32-warn: 当前引擎模块配置内有部分模块 gfx-webgl 在当前平台 android 不支持，将会自动移除或者回退成其他模块
2026-9-7 21:37:32-debug: init custom config: keepNodeUuid: false, useCache: true
2026-9-7 21:37:32-debug: native:(onAfterInit) start..., progress: 5%
2026-9-7 21:37:32-debug: // ---- build task native：onAfterInit ----
2026-9-7 21:37:32-debug: Native engine root:/Applications/Cocos/Creator/3.8.8/CocosCreator.app/Contents/Resources/resources/3d/engine/native
2026-9-7 21:37:32-debug: // ---- build task native：onAfterInit ---- (11ms)
2026-9-7 21:37:32-debug: native:(onAfterInit) in 11 ms ✓, progress: 7%
2026-9-7 21:37:32-debug: android:(onAfterInit) start..., progress: 7%
2026-9-7 21:37:32-debug: // ---- build task android：onAfterInit ----
2026-9-7 21:37:32-debug: // ---- build task android：onAfterInit ---- (15ms)
2026-9-7 21:37:32-debug: cocos-service:(onAfterInit) start..., progress: 9%
2026-9-7 21:37:32-debug: android:(onAfterInit) in 15 ms ✓, progress: 9%
2026-9-7 21:37:32-debug: // ---- build task cocos-service：onAfterInit ----
2026-9-7 21:37:33-debug: // ---- build task cocos-service：onAfterInit ---- (242ms)
2026-9-7 21:37:33-debug: adsense-h5g-plugin:(onBeforeBundleInit) start..., progress: 11%
2026-9-7 21:37:33-debug: // ---- build task adsense-h5g-plugin：onBeforeBundleInit ----
2026-9-7 21:37:33-debug: [adsense-h5g-plugin] remove script success
2026-9-7 21:37:33-debug: cocos-service:(onAfterInit) in 242 ms ✓, progress: 11%
2026-9-7 21:37:33-debug: Skip compress image, progress: 0%
2026-9-7 21:37:33-debug: adsense-h5g-plugin:(onBeforeBundleInit) start..., progress: 0%
2026-9-7 21:37:33-debug: // ---- build task adsense-h5g-plugin：onBeforeBundleInit ---- (17ms)
2026-9-7 21:37:33-debug: adsense-h5g-plugin:(onBeforeBundleInit) in 17 ms ✓, progress: 11%
2026-9-7 21:37:33-debug: adsense-h5g-plugin:(onBeforeBundleInit) in 17 ms ✓, progress: 7%
2026-9-7 21:37:33-debug: Init all bundles start..., progress: 11%
2026-9-7 21:37:33-debug: native:(onAfterBundleInit) start..., progress: 11%
2026-9-7 21:37:33-debug: Num of bundles: 5..., progress: 11%
2026-9-7 21:37:33-debug: // ---- build task native：onAfterBundleInit ----
2026-9-7 21:37:33-debug: Num of bundles: 5..., progress: 7%
2026-9-7 21:37:33-debug: native:(onAfterBundleInit) start..., progress: 7%
2026-9-7 21:37:33-debug: Init all bundles start..., progress: 7%
2026-9-7 21:37:33-debug: // ---- build task native：onAfterBundleInit ---- (17ms)
2026-9-7 21:37:33-debug: android:(onAfterBundleInit) start..., progress: 13%
2026-9-7 21:37:33-debug: // ---- build task android：onAfterBundleInit ----
2026-9-7 21:37:33-debug: android:(onAfterBundleInit) start..., progress: 11%
2026-9-7 21:37:33-debug: native:(onAfterBundleInit) in 17 ms ✓, progress: 11%
2026-9-7 21:37:33-debug: native:(onAfterBundleInit) in 17 ms ✓, progress: 13%
2026-9-7 21:37:33-debug: // ---- build task android：onAfterBundleInit ---- (9ms)
2026-9-7 21:37:33-debug: // ---- build task 查询 Asset Bundle ----
2026-9-7 21:37:33-debug: Init bundle root assets start..., progress: 11%
2026-9-7 21:37:33-debug: Init bundle root assets start..., progress: 20%
2026-9-7 21:37:33-debug: 查询 Asset Bundle start, progress: 11%
2026-9-7 21:37:33-debug: android:(onAfterBundleInit) in 9 ms ✓, progress: 20%
2026-9-7 21:37:33-debug: android:(onAfterBundleInit) in 9 ms ✓, progress: 11%
2026-9-7 21:37:33-debug: Query preload assets/scripts from cc.config.json: 60f7195c-ec2a-45eb-ba94-8955f60e81d0,1c02ae6f-4492-4915-b8f8-7492a3b1e4cd,810e96e4-e456-4468-9b59-f4e8f39732c0,efe8e2a3-eace-427b-b4f1-cb8a937ec77d,e9aa9a3e-5b2b-4ac7-a2c7-073de2b2b24f,8bbdbcdd-5cd4-4100-b6d5-b7c9625b6107,50f4348b-c883-4e2f-8f11-ce233b859fa1,fda095cb-831d-4601-ad94-846013963de8,f92806d7-1768-443f-afe8-12bcde84d0f0,dd3a144d-ab7f-41f0-82b8-2e43a090d496,f0416e68-0200-4b77-a926-4f9d16e494da,511d2633-09a7-4bdd-ac42-f778032124b3,5d45aa00-e064-4938-b314-4265f0c2258c,9361fd90-ba52-4f84-aa93-6e878fd576ca,970b0598-bcb0-4714-91fb-2e81440dccd8,bcd64cc6-2dd9-43f6-abbe-66318d332032,d930590d-bb92-4cc8-8bd1-23cd027f9edf,a3cd009f-0ab0-420d-9278-b9fdab939bbc,6a2d0734-bd9e-4ddf-946e-caa52498cb75,c27215d8-6835-4b68-bfbb-bdeac6100c04,b5d6115f-0370-4d7c-aad3-c194cc71cf98,d1346436-ac96-4271-b863-1f4fdead95b0,971bdb23-3ff6-43eb-b422-1c30165a3663,17debcc3-0a6b-4b8a-b00b-dc58b885581e,711ebe11-f673-4cd9-9a83-63c60ba54c5b,c0143906-9aed-447e-9436-2ae8512d1b6e,14da1725-c4c2-42b4-ab08-ee0aeb6898b3,081cab31-dccd-428e-8652-f2404cc81c47,78e0584a-4343-4727-8f37-e14e65c2a2db,ba21476f-2866-4f81-9c4d-6e359316e448,871c3b6c-7379-419d-bda3-794b239ab90d,1d08ef62-a503-4ce2-8b9a-46c90873f7d3,ff9b0199-ce04-4cfe-86cc-6c719f08d6e4,de1c2107-70c8-4021-8459-6399f24d01c6,cbf30902-517f-40dc-af90-a550bac27cf1,5c601d96-e4c7-4698-991b-7ee674b11079
2026-9-7 21:37:33-debug: Init bundle root assets success..., progress: 11%
2026-9-7 21:37:33-debug: Init bundle root assets success..., progress: 20%
2026-9-7 21:37:33-debug: reload all scripts.
2026-9-7 21:37:33-debug:   Number of all scenes: 2
2026-9-7 21:37:33-debug:   Number of all scripts: 27
2026-9-7 21:37:33-debug:   Number of other assets: 445
2026-9-7 21:37:33-debug: [[Executor]] reload before lock
2026-9-7 21:37:33-debug: Set detail map pack:///resolution-detail-map.json: {}
2026-9-7 21:37:33-debug: Unregister BuiltinDepthOfFieldPass
2026-9-7 21:37:33-debug: Unregister DebugViewRuntimeControl
2026-9-7 21:37:33-debug: Unregister BuiltinPipelinePassBuilder
2026-9-7 21:37:33-debug: Unregister Palette
2026-9-7 21:37:33-debug: Unregister HallView
2026-9-7 21:37:33-debug: Invalidating 'pack:///chunks/6d/6d8fd2b0177941b032ddc0733af48a561fb60657.js'
2026-9-7 21:37:33-debug: Invalidating 'pack:///chunks/3a/3af2b99d9d250d0c94e80c615712be1d07b4cf47.js'
2026-9-7 21:37:33-debug: Invalidating 'pack:///chunks/6a/6a5019a719a9014c047e67aa1cf34453ab8392ce.js'
2026-9-7 21:37:33-debug: Invalidating 'pack:///chunks/86/86b8638a66ab4c727e439f4d8cdd7595bd7cb611.js'
2026-9-7 21:37:33-debug: Invalidating 'pack:///chunks/87/87c4b5d58115ee6102b02680ea6b39d34083b342.js'
2026-9-7 21:37:33-debug: Invalidating 'pack:///chunks/93/93ba276ea7b26ffcdc433fab14afc1ed6f05647b.js'
2026-9-7 21:37:33-debug: Unregister GameController
2026-9-7 21:37:33-debug: Invalidating 'pack:///chunks/9c/9c8e4ae02cd522e18faba9e72e8803c8bdb97382.js'
2026-9-7 21:37:33-debug: Invalidating 'pack:///chunks/4f/4fd3d121a4e148a0cab634e8b8fe61cad0fda6b5.js'
2026-9-7 21:37:33-debug: Invalidating 'pack:///chunks/5d/5d7e7cd5dab4aa75218e5a0454deda068d6567a6.js'
2026-9-7 21:37:33-debug: Invalidating 'pack:///chunks/24/24a51135d454a918abdb28c02fa0797edd16b93a.js'
2026-9-7 21:37:33-debug: Invalidating 'pack:///chunks/12/12c65421cc0155055b91675091185216d6546867.js'
2026-9-7 21:37:33-debug: Invalidating 'pack:///chunks/5a/5aa4602142647299e494c5279080b21df8b17ba8.js'
2026-9-7 21:37:33-debug: Invalidating 'pack:///chunks/b6/b6b5fe1f5e9baae816da9efb009322b57c804e53.js'
2026-9-7 21:37:33-debug: Invalidating 'pack:///chunks/b2/b266abe6e5c8a004a35569a0ce4a91a645ece924.js'
2026-9-7 21:37:33-debug: Invalidating 'pack:///chunks/15/15600ced11babfebae3faaf52d02ae2f4c66e459.js'
2026-9-7 21:37:33-debug: Invalidating 'pack:///chunks/f8/f86578f64ee8c4ed3cd3b11c152a67b3c63c6191.js'
2026-9-7 21:37:33-debug: Invalidating 'pack:///chunks/b8/b8504ea7cb01149096e396f4d62ef374efb97b90.js'
2026-9-7 21:37:33-debug: Invalidating 'pack:///chunks/74/742e69fbb2c3d11edf92f8bdcc2efeb77bb0c24e.js'
2026-9-7 21:37:33-debug: Invalidating 'pack:///chunks/c7/c7b3f13953cc5ebc12020e37baef585e34bba076.js'
2026-9-7 21:37:33-debug: Invalidating 'pack:///chunks/45/450f4bf87e01483c0555ff8a1a7007d732c76681.js'
2026-9-7 21:37:33-debug: Invalidating 'pack:///chunks/ef/ef617c34bd4c3aae68613b5875ba028fe3c90220.js'
2026-9-7 21:37:33-debug: Invalidating 'pack:///chunks/d9/d968a63b1f6a7be732e6a472bedb458e8800a5ed.js'
2026-9-7 21:37:33-debug: Invalidating 'pack:///chunks/01/013a8250e9ddb89132f9af394f27aab6e5b0fcc0.js'
2026-9-7 21:37:33-debug: Invalidating 'pack:///chunks/64/6486c8c6505151c6fbd05c0c4e6b2917973d56fc.js'
2026-9-7 21:37:33-debug: Invalidating 'pack:///chunks/24/24151802ccc33fda32aaaaa5d3f0f252bc70b3a7.js'
2026-9-7 21:37:33-debug: Invalidating 'pack:///chunks/f2/f23104a6f39ea91b7114b2470be34d9e21ffef96.js'
2026-9-7 21:37:33-debug: Invalidating 'pack:///chunks/6b/6b59555042a9092ad18f700c6cfe2d9a6b357b3b.js'
2026-9-7 21:37:33-debug: Invalidating 'pack:///chunks/d4/d4a2b776ab5f70113334189e7d040418f0451a53.js'
2026-9-7 21:37:33-debug: [[Executor]] Module "pack:///chunks/93/93ba276ea7b26ffcdc433fab14afc1ed6f05647b.js" loaded.
2026-9-7 21:37:33-debug: Invalidating 'pack:///chunks/13/13619a4d60fbb6416edf8ba7ec0b195f2fcda55a.js'
2026-9-7 21:37:33-debug: [[Executor]] Module "pack:///chunks/6a/6a5019a719a9014c047e67aa1cf34453ab8392ce.js" loaded.
2026-9-7 21:37:33-debug: [[Executor]] Module "pack:///chunks/13/13619a4d60fbb6416edf8ba7ec0b195f2fcda55a.js" loaded.
2026-9-7 21:37:33-debug: [[Executor]] Module "pack:///chunks/6d/6d8fd2b0177941b032ddc0733af48a561fb60657.js" loaded.
2026-9-7 21:37:33-debug: [[Executor]] Module "pack:///chunks/87/87c4b5d58115ee6102b02680ea6b39d34083b342.js" loaded.
2026-9-7 21:37:33-debug: [[Executor]] Register BuiltinPipelinePassBuilder
2026-9-7 21:37:33-debug: [[Executor]] Module "pack:///chunks/4f/4fd3d121a4e148a0cab634e8b8fe61cad0fda6b5.js" loaded.
2026-9-7 21:37:33-debug: [[Executor]] Module "pack:///chunks/86/86b8638a66ab4c727e439f4d8cdd7595bd7cb611.js" loaded.
2026-9-7 21:37:33-debug: [[Executor]] Register BuiltinDepthOfFieldPass
2026-9-7 21:37:33-debug: [[Executor]] Module "pack:///chunks/3a/3af2b99d9d250d0c94e80c615712be1d07b4cf47.js" loaded.
2026-9-7 21:37:33-debug: [[Executor]] Register DebugViewRuntimeControl
2026-9-7 21:37:33-debug: [[Executor]] Module "pack:///chunks/9c/9c8e4ae02cd522e18faba9e72e8803c8bdb97382.js" loaded.
2026-9-7 21:37:33-debug: [[Executor]] Module "pack:///chunks/f2/f23104a6f39ea91b7114b2470be34d9e21ffef96.js" loaded.
2026-9-7 21:37:33-debug: [[Executor]] Module "pack:///chunks/5a/5aa4602142647299e494c5279080b21df8b17ba8.js" loaded.
2026-9-7 21:37:33-debug: [[Executor]] Module "pack:///chunks/15/15600ced11babfebae3faaf52d02ae2f4c66e459.js" loaded.
2026-9-7 21:37:33-debug: [[Executor]] Module "pack:///chunks/12/12c65421cc0155055b91675091185216d6546867.js" loaded.
2026-9-7 21:37:33-debug: Unregister BuiltinPipelineSettings
2026-9-7 21:37:33-debug: [[Executor]] Module "pack:///chunks/b6/b6b5fe1f5e9baae816da9efb009322b57c804e53.js" loaded.
2026-9-7 21:37:33-debug: [[Executor]] Module "pack:///chunks/24/24a51135d454a918abdb28c02fa0797edd16b93a.js" loaded.
2026-9-7 21:37:33-debug: [[Executor]] Module "pack:///chunks/5d/5d7e7cd5dab4aa75218e5a0454deda068d6567a6.js" loaded.
2026-9-7 21:37:33-debug: Invalidating 'pack:///chunks/f6/f6298e0677cff2cd4b81597711fdf2f4a9cd6dd0.js'
2026-9-7 21:37:33-debug: [[Executor]] Module "pack:///chunks/b2/b266abe6e5c8a004a35569a0ce4a91a645ece924.js" loaded.
2026-9-7 21:37:33-debug: [[Executor]] Module "pack:///chunks/74/742e69fbb2c3d11edf92f8bdcc2efeb77bb0c24e.js" loaded.
2026-9-7 21:37:33-debug: [[Executor]] Register HallView
2026-9-7 21:37:33-debug: [[Executor]] Module "pack:///chunks/b8/b8504ea7cb01149096e396f4d62ef374efb97b90.js" loaded.
2026-9-7 21:37:33-debug: [[Executor]] Module "pack:///chunks/c7/c7b3f13953cc5ebc12020e37baef585e34bba076.js" loaded.
2026-9-7 21:37:33-debug: [[Executor]] Module "pack:///chunks/01/013a8250e9ddb89132f9af394f27aab6e5b0fcc0.js" loaded.
2026-9-7 21:37:33-debug: [[Executor]] Module "pack:///chunks/ef/ef617c34bd4c3aae68613b5875ba028fe3c90220.js" loaded.
2026-9-7 21:37:33-debug: [[Executor]] Register GameController
2026-9-7 21:37:33-debug: [[Executor]] Module "pack:///chunks/45/450f4bf87e01483c0555ff8a1a7007d732c76681.js" loaded.
2026-9-7 21:37:33-debug: [[Executor]] Module "pack:///chunks/64/6486c8c6505151c6fbd05c0c4e6b2917973d56fc.js" loaded.
2026-9-7 21:37:33-debug: [[Executor]] Module "pack:///chunks/24/24151802ccc33fda32aaaaa5d3f0f252bc70b3a7.js" loaded.
2026-9-7 21:37:33-debug: [[Executor]] Module "pack:///chunks/d9/d968a63b1f6a7be732e6a472bedb458e8800a5ed.js" loaded.
2026-9-7 21:37:33-debug: [[Executor]] Register Palette
2026-9-7 21:37:33-debug: [[Executor]] Module "pack:///chunks/6b/6b59555042a9092ad18f700c6cfe2d9a6b357b3b.js" loaded.
2026-9-7 21:37:33-debug: [[Executor]] Module "pack:///chunks/d4/d4a2b776ab5f70113334189e7d040418f0451a53.js" loaded.
2026-9-7 21:37:33-debug: [[Executor]] Module "pack:///chunks/6d/6d8fd2b0177941b032ddc0733af48a561fb60657.js" loaded.
2026-9-7 21:37:33-debug: [[Executor]] Module "pack:///chunks/f6/f6298e0677cff2cd4b81597711fdf2f4a9cd6dd0.js" loaded.
2026-9-7 21:37:33-debug: [[Executor]] Module "pack:///chunks/f8/f86578f64ee8c4ed3cd3b11c152a67b3c63c6191.js" loaded.
2026-9-7 21:37:33-debug: [[Executor]] Register BuiltinPipelineSettings
2026-9-7 21:37:33-debug: [[Executor]] after unlock
2026-9-7 21:37:33-debug: Incremental keys: MainBundle,UIPath,MaxPage,MaxFullPage,MaxPopPage,on,once,trigger,off,clearEvent,getInst,startGame,stopGame,LOG,WARN,ERROR,LogApi,ResetTo,PopTo,SwitchTo,ShowDialog,ShowTip,ShowCommon
2026-9-7 21:37:33-debug: Init bundle share assets start..., progress: 20%
2026-9-7 21:37:33-debug: Init bundle share assets start..., progress: 11%
2026-9-7 21:37:33-debug: Init bundle share assets success..., progress: 11%
2026-9-7 21:37:33-debug: Init bundle share assets success..., progress: 20%
2026-9-7 21:37:33-debug: handle json group in bundle internal
2026-9-7 21:37:33-debug: handle json group in bundle main
2026-9-7 21:37:33-debug: handle json group in bundle Hall
2026-9-7 21:37:33-debug: init image compress task 0 in bundle internal
2026-9-7 21:37:33-debug: handle json group in bundle Common
2026-9-7 21:37:33-debug: init image compress task 0 in bundle Common
2026-9-7 21:37:33-debug: handle json group in bundle internal success
2026-9-7 21:37:33-debug: init image compress task 0 in bundle main
2026-9-7 21:37:33-debug: handle json group in bundle Hall success
2026-9-7 21:37:33-debug: init image compress task 0 in bundle Hall
2026-9-7 21:37:33-debug: handle json group in bundle InsectXiaoxiaole success
2026-9-7 21:37:33-debug: handle json group in bundle InsectXiaoxiaole
2026-9-7 21:37:33-debug: handle json group in bundle Common success
2026-9-7 21:37:33-debug: handle json group in bundle main success
2026-9-7 21:37:33-debug: init image compress task 0 in bundle InsectXiaoxiaole
2026-9-7 21:37:33-log: run build task 查询 Asset Bundle success in 65 ms√, progress: 16%
2026-9-7 21:37:33-debug: // ---- build task 查询 Asset Bundle ---- (65ms)
2026-9-7 21:37:33-debug: // ---- build task 查询 Asset Bundle ----
2026-9-7 21:37:33-debug: 查询 Asset Bundle start, progress: 16%
2026-9-7 21:37:33-debug: [Build Memory track]: 查询 Asset Bundle start:241.09MB, end 241.20MB, increase: 109.88KB
2026-9-7 21:37:33-debug: // ---- build task 查询 Asset Bundle ---- (13ms)
2026-9-7 21:37:33-debug: native:(onAfterBundleDataTask) start..., progress: 21%
2026-9-7 21:37:33-debug: [Build Memory track]: 查询 Asset Bundle start:241.23MB, end 241.45MB, increase: 228.71KB
2026-9-7 21:37:33-debug: // ---- build task native：onAfterBundleDataTask ----
2026-9-7 21:37:33-log: run build task 查询 Asset Bundle success in 13 ms√, progress: 21%
2026-9-7 21:37:33-debug: native:(onAfterBundleDataTask) start..., progress: 20%
2026-9-7 21:37:33-debug: // ---- build task native：onAfterBundleDataTask ---- (7ms)
2026-9-7 21:37:33-debug: native:(onAfterBundleDataTask) in 7 ms ✓, progress: 21%
2026-9-7 21:37:33-debug: native:(onAfterBundleDataTask) in 7 ms ✓, progress: 27%
2026-9-7 21:37:33-debug: 打包脚本 start, progress: 21%
2026-9-7 21:37:33-debug: // ---- build task 打包脚本 ----
2026-9-7 21:37:33-log: [buildPolyfillsCommand]enter sub process 15068, 9229, see: chrome://inspect/#devices
2026-9-7 21:37:34-log: [buildPolyfillsCommand]Caught exception during build core-js: WebpackOptionsValidationError: Invalid configuration object. Webpack has been initialised using a configuration object that does not match the API schema. - configuration.entry should be an non-empty array.   -> A non-empty array of non-empty stringsThis may indicates the core-js polyfill is not necessary. See https://github.com/zloirock/core-js/issues/822
2026-9-7 21:37:34-debug: execute-script-end with buildPolyfillsCommand 772ms
2026-9-7 21:37:34-debug: Generate systemJs..., progress: 21%
2026-9-7 21:37:35-debug: execute-script-end with buildSystemJsCommand 888ms
2026-9-7 21:37:35-debug: 构建项目脚本 start..., progress: 21%
2026-9-7 21:37:35-debug: 构建项目脚本 start..., progress: 27%
2026-9-7 21:37:35-log: [buildScriptCommand]Number of non-entry chunks: 5
2026-9-7 21:37:35-debug: execute-script-end with buildScriptCommand 892ms
2026-9-7 21:37:35-debug: Copy externalScripts success!
2026-9-7 21:37:35-debug: 构建项目脚本 in (917 ms) √, progress: 21%
2026-9-7 21:37:35-debug: 构建引擎脚本 start..., progress: 21%
2026-9-7 21:37:35-debug: 构建项目脚本 in (917 ms) √, progress: 27%
2026-9-7 21:37:35-debug: mangleProperties is enabled, found engine-mangle-config.json, use it
2026-9-7 21:37:35-debug: Error: Exit process with code:null, signal:SIGTERM in task build-script    at ChildProcess.<anonymous> (/Applications/Cocos/Creator/3.8.8/CocosCreator.app/Contents/Resources/app.asar/builtin/builder/dist/worker/worker-pools/sub-process-manager.ccc:1:2409)    at ChildProcess.emit (node:events:519:28)    at Process.ChildProcess._handle.onexit (node:internal/child_process:294:12)
2026-9-7 21:37:35-debug: Use cache engine: {link(/var/folders/7t/9_hr0j7913s_fxkzfpcnpfy40000gn/T/CocosCreator/3.8.8/builder/engine/aca153c37e28b7fa48e779789cbe0f57)}
2026-9-7 21:37:35-debug: Use cache, md5String: debug=false,sourceMaps=false,includeModules=["2d","3d","affine-transform","animation","audio","base","custom-pipeline","dragon-bones","graphics","intersection-2d","light-probe","marionette","mask","particle","particle-2d","physics-2d-box2d","physics-ammo","primitive","profiler","rich-text","skeletal-animation","spine-3.8","terrain","tiled-map","tween","ui","ui-skew","video","websocket","webview","custom-pipeline-builtin-scripts"],engineVersion="3.8.8",platformType="ANDROID",split=undefined,nativeCodeBundleMode="wasm",targets="chrome 80",entry="/Applications/Cocos/Creator/3.8.8/CocosCreator.app/Contents/Resources/resources/3d/engine",noDeprecatedFeatures=undefined,loose=true,assetURLFormat=undefined,flags={"DEBUG":false,"LOAD_BULLET_MANUALLY":false,"LOAD_SPINE_MANUALLY":false},preserveType=undefined,wasmCompressionMode=false,enableNamedRegisterForSystemJSModuleFormat=undefined,mangleProperties=false,inlineEnum=true,
2026-9-7 21:37:35-debug: Use cache, options: {  "entry": "/Applications/Cocos/Creator/3.8.8/CocosCreator.app/Contents/Resources/resources/3d/engine",  "debug": false,  "mangleProperties": false,  "inlineEnum": true,  "sourceMaps": false,  "includeModules": [    "2d",    "3d",    "affine-transform",    "animation",    "audio",    "base",    "custom-pipeline",    "dragon-bones",    "graphics",    "intersection-2d",    "light-probe",    "marionette",    "mask",    "particle",    "particle-2d",    "physics-2d-box2d",    "physics-ammo",    "primitive",    "profiler",    "rich-text",    "skeletal-animation",    "spine-3.8",    "terrain",    "tiled-map",    "tween",    "ui",    "ui-skew",    "video",    "websocket",    "webview",    "custom-pipeline-builtin-scripts"  ],  "engineVersion": "3.8.8",  "md5Map": [],  "engineName": "cocos-js",  "output": "/Users/byron/custom-proj/GameBox/build/android/data/src/cocos-js",  "platformType": "ANDROID",  "useCache": true,  "nativeCodeBundleMode": "wasm",  "wasmCompressionMode": false,  "targets": "chrome 80",  "flags": {    "DEBUG": false,    "LOAD_BULLET_MANUALLY": false,    "LOAD_SPINE_MANUALLY": false  }}
2026-9-7 21:37:35-debug: 构建引擎脚本 in (39 ms) √, progress: 21%
2026-9-7 21:37:35-debug: Copy plugin script ..., progress: 21%
2026-9-7 21:37:35-debug: Generate import-map..., progress: 21%
2026-9-7 21:37:36-debug: // ---- build task 打包脚本 ---- (2634ms)
2026-9-7 21:37:36-debug: // ---- build task Build Assets ----
2026-9-7 21:37:36-debug: Build bundles..., progress: 26%
2026-9-7 21:37:36-debug: Pack Images start, progress: 26%
2026-9-7 21:37:36-debug: Build Assets start, progress: 26%
2026-9-7 21:37:36-debug: Number of pac assets: 2
2026-9-7 21:37:36-debug: [Build Memory track]: 打包脚本 start:241.74MB, end 241.66MB, increase: -74.37KB
2026-9-7 21:37:36-debug: Pack Images start, progress: 27%
2026-9-7 21:37:36-log: run build task 打包脚本 success in 2 s√, progress: 26%
2026-9-7 21:37:36-debug: Get Cache info of pac success {asset(4cb4a00e-c1f5-421c-9de0-6736f3172569)}
2026-9-7 21:37:36-debug: start sort bundle in pac4cb4a00e-c1f5-421c-9de0-6736f3172569
2026-9-7 21:37:36-debug: remove spriteAtlas._uuid : {asset(4cb4a00e-c1f5-421c-9de0-6736f3172569)}
2026-9-7 21:37:36-debug: end sort bundle in pac4cb4a00e-c1f5-421c-9de0-6736f3172569
2026-9-7 21:37:36-debug: Asset {asset(db://assets/Hall/textures/HallView/auto-atlas.pac)} is Bundle
2026-9-7 21:37:36-debug: start collect depend assets in pac4cb4a00e-c1f5-421c-9de0-6736f3172569
2026-9-7 21:37:36-debug: Number of pack results: 1
2026-9-7 21:37:36-debug: builder:pack-auto-atlas-image (51ms)
2026-9-7 21:37:36-debug: Compress image start..., progress: 27%
2026-9-7 21:37:36-debug: sort compress task {}
2026-9-7 21:37:36-debug: Num of all image compress task 0, really: 0, configTasks: 0
2026-9-7 21:37:36-debug: No image need to compress
2026-9-7 21:37:36-debug: Compress image success..., progress: 26%
2026-9-7 21:37:36-debug: Pack Images success, progress: 27%
2026-9-7 21:37:36-debug: Output asset in bundles start, progress: 26%
2026-9-7 21:37:36-debug: Output asset in bundles start, progress: 27%
2026-9-7 21:37:36-debug: Handle all json groups in bundle internal
2026-9-7 21:37:36-debug: handle json group
2026-9-7 21:37:36-debug: Handle all json groups in bundle main
2026-9-7 21:37:36-debug: handle json group
2026-9-7 21:37:36-debug: Handle all json groups in bundle Common
2026-9-7 21:37:36-debug: handle json group
2026-9-7 21:37:36-debug: handle single json
2026-9-7 21:37:36-debug: Pack Images success, progress: 26%
2026-9-7 21:37:36-debug: handle json group
2026-9-7 21:37:36-debug: Compress image success..., progress: 27%
2026-9-7 21:37:36-debug: handle json group
2026-9-7 21:37:36-debug: Handle all json groups in bundle InsectXiaoxiaole
2026-9-7 21:37:36-debug: Handle all json groups in bundle Hall
2026-9-7 21:37:36-debug: Compress image start..., progress: 26%
2026-9-7 21:37:36-debug: handle single json
2026-9-7 21:37:36-debug: Json group(0dff29e57) compile success，json number: 6
2026-9-7 21:37:36-debug: handle single json
2026-9-7 21:37:36-debug: Json group(096135cb0) compile success，json number: 6
2026-9-7 21:37:36-debug: Json group(09667c353) compile success，json number: 6
2026-9-7 21:37:36-debug: handle single json
2026-9-7 21:37:36-debug: handle single json
2026-9-7 21:37:36-debug: Json group(07d3aae9f) compile success，json number: 6
2026-9-7 21:37:36-debug: Output asset in bundles success, progress: 26%
2026-9-7 21:37:36-debug: Output asset in bundles success, progress: 27%
2026-9-7 21:37:36-debug: Output asset in bundles start, progress: 26%
2026-9-7 21:37:36-debug: Output asset in bundles start, progress: 27%
2026-9-7 21:37:36-debug: compress config of bundle internal success
2026-9-7 21:37:36-debug: compress config of bundle main success
2026-9-7 21:37:36-debug: compress config of bundle internal...
2026-9-7 21:37:36-debug: compress config of bundle Hall...
2026-9-7 21:37:36-debug: compress config of bundle Hall success
2026-9-7 21:37:36-debug: compress config of bundle InsectXiaoxiaole...
2026-9-7 21:37:36-debug: compress config of bundle InsectXiaoxiaole success
2026-9-7 21:37:36-debug: output config of bundle internal
2026-9-7 21:37:36-debug: compress config of bundle Common success
2026-9-7 21:37:36-debug: compress config of bundle Common...
2026-9-7 21:37:36-debug: output config of bundle internal success
2026-9-7 21:37:36-debug: compress config of bundle main...
2026-9-7 21:37:36-debug: output config of bundle Common
2026-9-7 21:37:36-debug: output config of bundle Common success
2026-9-7 21:37:36-debug: output config of bundle main
2026-9-7 21:37:36-debug: output config of bundle Hall
2026-9-7 21:37:36-debug: output config of bundle InsectXiaoxiaole
2026-9-7 21:37:36-debug: Output asset in bundles success, progress: 26%
2026-9-7 21:37:36-debug: Output asset in bundles success, progress: 27%
2026-9-7 21:37:36-debug: output config of bundle main success
2026-9-7 21:37:36-debug: output config of bundle InsectXiaoxiaole success
2026-9-7 21:37:36-debug: output config of bundle Hall success
2026-9-7 21:37:36-debug: // ---- build task Build Assets ---- (138ms)
2026-9-7 21:37:36-debug: 整理部分构建选项内数据到 settings.json start, progress: 31%
2026-9-7 21:37:36-debug: [Build Memory track]: Build Assets start:241.69MB, end 247.31MB, increase: 5.62MB
2026-9-7 21:37:36-debug: // ---- build task 整理部分构建选项内数据到 settings.json ----
2026-9-7 21:37:36-log: run build task Build Assets success in 138 ms√, progress: 31%
2026-9-7 21:37:36-debug: // ---- build task 整理部分构建选项内数据到 settings.json ---- (16ms)
2026-9-7 21:37:36-debug: // ---- build task 填充脚本数据到 settings.json ----
2026-9-7 21:37:36-debug: [Build Memory track]: 整理部分构建选项内数据到 settings.json start:247.40MB, end 247.52MB, increase: 122.51KB
2026-9-7 21:37:36-debug: 填充脚本数据到 settings.json start, progress: 33%
2026-9-7 21:37:36-log: run build task 整理部分构建选项内数据到 settings.json success in 16 ms√, progress: 33%
2026-9-7 21:37:36-debug: // ---- build task 填充脚本数据到 settings.json ---- (10ms)
2026-9-7 21:37:36-log: run build task 填充脚本数据到 settings.json success in 10 ms√, progress: 34%
2026-9-7 21:37:36-debug: [Build Memory track]: 填充脚本数据到 settings.json start:247.55MB, end 247.66MB, increase: 121.31KB
2026-9-7 21:37:36-debug: // ---- build task 整理部分构建选项内数据到 settings.json ----
2026-9-7 21:37:36-debug: 整理部分构建选项内数据到 settings.json start, progress: 34%
2026-9-7 21:37:36-debug: // ---- build task 整理部分构建选项内数据到 settings.json ---- (14ms)
2026-9-7 21:37:36-debug: // ---- build task cocos-service：onBeforeCompressSettings ----
2026-9-7 21:37:36-log: run build task 整理部分构建选项内数据到 settings.json success in 14 ms√, progress: 36%
2026-9-7 21:37:36-debug: cocos-service:(onBeforeCompressSettings) start..., progress: 36%
2026-9-7 21:37:36-debug: [Build Memory track]: 整理部分构建选项内数据到 settings.json start:247.69MB, end 244.60MB, increase: -3164.70KB
2026-9-7 21:37:36-debug: // ---- build task cocos-service：onBeforeCompressSettings ---- (146ms)
2026-9-7 21:37:36-debug: // ---- build task 整理静态模板文件 ----
2026-9-7 21:37:36-debug: cocos-service:(onBeforeCompressSettings) in 146 ms ✓, progress: 38%
2026-9-7 21:37:36-debug: 整理静态模板文件 start, progress: 38%
2026-9-7 21:37:36-debug: // ---- build task 整理静态模板文件 ---- (24ms)
2026-9-7 21:37:36-log: run build task 整理静态模板文件 success in 24 ms√, progress: 43%
2026-9-7 21:37:36-debug: native:(onAfterCompressSettings) start..., progress: 43%
2026-9-7 21:37:36-debug: [Build Memory track]: 整理静态模板文件 start:244.82MB, end 246.38MB, increase: 1.56MB
2026-9-7 21:37:36-debug: // ---- build task native：onAfterCompressSettings ----
2026-9-7 21:37:36-log: Checking template version...
2026-9-7 21:37:36-log: Validating template consistency...
2026-9-7 21:37:36-debug: generateCMakeConfig, {"CC_USE_GLES3":"set(CC_USE_GLES3 ON)","CC_USE_GLES2":"set(CC_USE_GLES2 ON)","USE_SERVER_MODE":"set(USE_SERVER_MODE OFF)","NET_MODE":"set(NET_MODE 0)","XXTEAKEY":"","CC_ENABLE_SWAPPY":"set(CC_ENABLE_SWAPPY OFF)","APP_NAME":"set(APP_NAME \"GameBox\")","COCOS_X_PATH":"set(COCOS_X_PATH \"/Applications/Cocos/Creator/3.8.8/CocosCreator.app/Contents/Resources/resources/3d/engine/native\")","USE_JOB_SYSTEM_TASKFLOW":"set(USE_JOB_SYSTEM_TASKFLOW OFF)","USE_JOB_SYSTEM_TBB":"set(USE_JOB_SYSTEM_TBB OFF)","ENABLE_FLOAT_OUTPUT":"set(ENABLE_FLOAT_OUTPUT OFF)","USE_PHYSICS_PHYSX":"set(USE_PHYSICS_PHYSX OFF)","USE_BOX2D_JSB":"set(USE_BOX2D_JSB OFF)","USE_OCCLUSION_QUERY":"set(USE_OCCLUSION_QUERY OFF)","USE_GEOMETRY_RENDERER":"set(USE_GEOMETRY_RENDERER OFF)","USE_DEBUG_RENDERER":"set(USE_DEBUG_RENDERER OFF)","USE_AUDIO":"set(USE_AUDIO ON)","USE_VIDEO":"set(USE_VIDEO ON)","USE_WEBVIEW":"set(USE_WEBVIEW ON)","USE_SOCKET":"set(USE_SOCKET ON)","USE_WEBSOCKET_SERVER":"set(USE_WEBSOCKET_SERVER OFF)","USE_VENDOR":"set(USE_VENDOR OFF)","USE_SPINE_3_8":"set(USE_SPINE_3_8 ON)","USE_SPINE_4_2":"set(USE_SPINE_4_2 OFF)","USE_DRAGONBONES":"set(USE_DRAGONBONES ON)","CC_USE_VULKAN":"set(CC_USE_VULKAN OFF)","USE_ADPF":"set(USE_ADPF ON)"}
2026-9-7 21:37:36-log: While replace template content, file /Users/byron/custom-proj/GameBox/build/android/proj/main.m
2026-9-7 21:37:36-log: While replace template content, file /Users/byron/custom-proj/GameBox/build/android/proj/main.cpp
2026-9-7 21:37:36-log: While replace template content, file /Users/byron/custom-proj/GameBox/native/engine/android/entry/src/main/config.json
2026-9-7 21:37:36-log: update settings.properties
2026-9-7 21:37:36-log: update gradle.properties
2026-9-7 21:37:36-log: AndroidAPI level 34
2026-9-7 21:37:36-log: AndroidManifest.xml has already been updated!
2026-9-7 21:37:36-debug: // ---- build task native：onAfterCompressSettings ---- (30ms)
2026-9-7 21:37:36-debug: native:(onAfterCompressSettings) in 30 ms ✓, progress: 45%
2026-9-7 21:37:36-debug: cocos-service:(onAfterCompressSettings) start..., progress: 45%
2026-9-7 21:37:36-debug: // ---- build task cocos-service：onAfterCompressSettings ----
2026-9-7 21:37:36-debug: // ---- build task cocos-service：onAfterCompressSettings ---- (122ms)
2026-9-7 21:37:36-debug: // ---- build task 给所有的资源加上 MD5 后缀 ----
2026-9-7 21:37:36-debug: 给所有的资源加上 MD5 后缀 start, progress: 46%
2026-9-7 21:37:36-debug: cocos-service:(onAfterCompressSettings) in 122 ms ✓, progress: 46%
2026-9-7 21:37:36-debug: // ---- build task 给所有的资源加上 MD5 后缀 ---- (14ms)
2026-9-7 21:37:36-debug: // ---- build task native：onAfterBuild ----
2026-9-7 21:37:36-debug: [Build Memory track]: 给所有的资源加上 MD5 后缀 start:247.79MB, end 247.92MB, increase: 128.31KB
2026-9-7 21:37:36-debug: native:(onAfterBuild) start..., progress: 56%
2026-9-7 21:37:36-log: run build task 给所有的资源加上 MD5 后缀 success in 14 ms√, progress: 56%
2026-9-7 21:37:36-debug: // ---- build task native：onAfterBuild ---- (13ms)
2026-9-7 21:37:36-debug: // ---- build task cocos-service：onAfterBuild ----
2026-9-7 21:37:36-debug: native:(onAfterBuild) in 13 ms ✓, progress: 58%
2026-9-7 21:37:36-debug: cocos-service:(onAfterBuild) start..., progress: 58%
2026-9-7 21:37:36-debug: // ---- build task cocos-service：onAfterBuild ---- (209ms)
2026-9-7 21:37:36-debug: adsense-h5g-plugin:(onAfterBuild) start..., progress: 60%
2026-9-7 21:37:36-debug: cocos-service:(onAfterBuild) in 209 ms ✓, progress: 60%
2026-9-7 21:37:36-debug: // ---- build task adsense-h5g-plugin：onAfterBuild ----
2026-9-7 21:37:36-debug: // ---- build task adsense-h5g-plugin：onAfterBuild ---- (20ms)
2026-9-7 21:37:36-debug: adsense-h5g-plugin:(onAfterBuild) in 20 ms ✓, progress: 62%
2026-9-7 21:37:36-log: Asset DB is resume!
2026-9-7 21:37:36-debug: builder:build-project-total (4297ms)
2026-9-7 21:37:36-debug: build task(android) in 4297!
2026-9-7 21:37:36-debug: [Build Memory track]: builder:build-project-total start:240.86MB, end 245.48MB, increase: 4.63MB
2026-9-7 21:37:36-debug: ================================ build Task (android) Finished in (4 s)ms ================================
2026-9-7 21:37:36-debug: Stop record console. {file(/Users/byron/custom-proj/GameBox/temp/builder/log/android9-7-2026 20-13.log)}
2026-9-7 21:37:41-debug: refresh db internal success
2026-9-7 21:37:41-debug: Run asset db hook engine-extends:afterRefresh ...
2026-9-7 21:37:41-debug: refresh db assets success
2026-9-7 21:37:41-debug: Run asset db hook engine-extends:afterRefresh success!
2026-9-7 21:37:41-debug: asset-db:refresh-all-database (17ms)
2026-9-7 21:37:41-debug: asset-db:worker-effect-data-processing (1ms)
2026-9-7 21:37:41-debug: asset-db-hook-engine-extends-afterRefresh (1ms)
2026-9-7 21:37:49-debug: Start record console... {file(/Users/byron/custom-proj/GameBox/temp/builder/log/android9-7-2026 20-13.log)}
2026-9-7 21:37:49-debug: =================================== build Task (android) Start ================================
2026-9-7 21:37:49-debug: Start build task, options:{"name":"GameBox","server":"https://ggg","engineModulesConfigKey":"defaultConfig","platform":"android","buildPath":"project://build","debug":false,"buildMode":"normal","mangleProperties":false,"md5Cache":false,"skipCompressTexture":false,"sourceMaps":false,"overwriteProjectSettings":{"macroConfig":{"cleanupImageCache":"inherit-project-setting"},"includeModules":{"physics":"inherit-project-setting","physics-2d":"inherit-project-setting","gfx-webgl2":"off"}},"nativeCodeBundleMode":"wasm","polyfills":{"asyncFunctions":false},"experimentalEraseModules":false,"startSceneAssetBundle":false,"bundleConfigs":[],"inlineEnum":true,"useBuiltinServer":false,"md5CacheOptions":{"excludes":[],"includes":[],"replaceOnly":[],"handleTemplateMd5Link":true},"mainBundleIsRemote":false,"mainBundleCompressionType":"merge_dep","useSplashScreen":true,"bundleCommonChunk":false,"packAutoAtlas":true,"startScene":"8290b9a6-02a6-42aa-9bb4-a1783ccebaa8","outputName":"android","taskName":"android","scenes":[{"url":"db://assets/scene/main.scene","uuid":"8290b9a6-02a6-42aa-9bb4-a1783ccebaa8"}],"wasmCompressionMode":false,"binGroupConfig":{"threshold":16,"enable":false},"packages":{"android":{"packageName":"com.gamebox","resizeableActivity":true,"maxAspectRatio":"2.4","orientation":{"portrait":true,"upsideDown":false,"landscapeRight":false,"landscapeLeft":false},"apiLevel":34,"appABIs":["arm64-v8a"],"useDebugKeystore":true,"keystorePath":"","keystorePassword":"","keystoreAlias":"","keystoreAliasPassword":"","appBundle":false,"androidInstant":false,"inputSDK":false,"isSoFileCompressed":true,"remoteUrl":"","sdkPath":"","ndkPath":"","javaHome":"","javaPath":"","renderBackEnd":{"vulkan":false,"gles3":true,"gles2":true},"swappy":false,"__version__":"1.0.1"},"native":{"encrypted":false,"xxteaKey":"40q7n2J1VJd54/Lc","compressZip":false,"JobSystem":"none","__version__":"1.0.2"},"cocos-service":{"configID":"48ed6c","services":[]},"hotfix-builder":{"versionInput":"1.0.0"}},"__version__":"1.3.9","logDest":"project://temp/builder/log/android9-7-2026 20-13.log"}
2026-9-7 21:37:49-debug: Build with Cocos Creator 3.8.8
2026-9-7 21:37:49-debug: native:(onBeforeBuild) start..., progress: 0%
2026-9-7 21:37:49-debug: // ---- build task native：onBeforeBuild ----
2026-9-7 21:37:49-debug: // ---- build task native：onBeforeBuild ---- (8ms)
2026-9-7 21:37:49-debug: native:(onBeforeBuild) in 8 ms ✓, progress: 2%
2026-9-7 21:37:49-debug: // ---- build task cocos-service：onBeforeBuild ----
2026-9-7 21:37:49-debug: cocos-service:(onBeforeBuild) start..., progress: 2%
2026-9-7 21:37:49-debug: // ---- build task cocos-service：onBeforeBuild ---- (198ms)
2026-9-7 21:37:49-debug: cocos-service:(onBeforeBuild) in 198 ms ✓, progress: 4%
2026-9-7 21:37:49-debug: scene:(onBeforeBuild) start..., progress: 4%
2026-9-7 21:37:49-debug: // ---- build task scene：onBeforeBuild ----
2026-9-7 21:37:49-debug: // ---- build task scene：onBeforeBuild ---- (16ms)
2026-9-7 21:37:49-debug: Query all assets info in project
2026-9-7 21:37:49-debug: Start lock asset db..., progress: 5%
2026-9-7 21:37:49-log: Asset DB is paused with build!
2026-9-7 21:37:49-debug: scene:(onBeforeBuild) in 16 ms ✓, progress: 5%
2026-9-7 21:37:49-warn: 当前引擎模块配置内有部分模块 gfx-webgl 在当前平台 android 不支持，将会自动移除或者回退成其他模块
2026-9-7 21:37:49-debug: init custom config: keepNodeUuid: false, useCache: true
2026-9-7 21:37:49-debug: native:(onAfterInit) start..., progress: 5%
2026-9-7 21:37:49-debug: // ---- build task native：onAfterInit ----
2026-9-7 21:37:49-debug: Native engine root:/Applications/Cocos/Creator/3.8.8/CocosCreator.app/Contents/Resources/resources/3d/engine/native
2026-9-7 21:37:49-debug: // ---- build task native：onAfterInit ---- (9ms)
2026-9-7 21:37:49-debug: android:(onAfterInit) start..., progress: 7%
2026-9-7 21:37:49-debug: // ---- build task android：onAfterInit ----
2026-9-7 21:37:49-debug: native:(onAfterInit) in 9 ms ✓, progress: 7%
2026-9-7 21:37:49-debug: // ---- build task android：onAfterInit ---- (10ms)
2026-9-7 21:37:49-debug: android:(onAfterInit) in 10 ms ✓, progress: 9%
2026-9-7 21:37:49-debug: cocos-service:(onAfterInit) start..., progress: 9%
2026-9-7 21:37:49-debug: // ---- build task cocos-service：onAfterInit ----
2026-9-7 21:37:49-debug: // ---- build task cocos-service：onAfterInit ---- (249ms)
2026-9-7 21:37:49-debug: adsense-h5g-plugin:(onBeforeBundleInit) start..., progress: 11%
2026-9-7 21:37:49-debug: // ---- build task adsense-h5g-plugin：onBeforeBundleInit ----
2026-9-7 21:37:49-debug: adsense-h5g-plugin:(onBeforeBundleInit) start..., progress: 0%
2026-9-7 21:37:49-debug: [adsense-h5g-plugin] remove script success
2026-9-7 21:37:49-debug: Skip compress image, progress: 0%
2026-9-7 21:37:49-debug: cocos-service:(onAfterInit) in 249 ms ✓, progress: 11%
2026-9-7 21:37:49-debug: // ---- build task adsense-h5g-plugin：onBeforeBundleInit ---- (16ms)
2026-9-7 21:37:49-debug: adsense-h5g-plugin:(onBeforeBundleInit) in 16 ms ✓, progress: 11%
2026-9-7 21:37:49-debug: adsense-h5g-plugin:(onBeforeBundleInit) in 16 ms ✓, progress: 7%
2026-9-7 21:37:49-debug: Init all bundles start..., progress: 11%
2026-9-7 21:37:49-debug: native:(onAfterBundleInit) start..., progress: 11%
2026-9-7 21:37:49-debug: native:(onAfterBundleInit) start..., progress: 7%
2026-9-7 21:37:49-debug: // ---- build task native：onAfterBundleInit ----
2026-9-7 21:37:49-debug: Num of bundles: 5..., progress: 7%
2026-9-7 21:37:49-debug: Num of bundles: 5..., progress: 11%
2026-9-7 21:37:49-debug: Init all bundles start..., progress: 7%
2026-9-7 21:37:49-debug: // ---- build task native：onAfterBundleInit ---- (14ms)
2026-9-7 21:37:49-debug: android:(onAfterBundleInit) start..., progress: 11%
2026-9-7 21:37:49-debug: // ---- build task android：onAfterBundleInit ----
2026-9-7 21:37:49-debug: android:(onAfterBundleInit) start..., progress: 13%
2026-9-7 21:37:49-debug: native:(onAfterBundleInit) in 14 ms ✓, progress: 11%
2026-9-7 21:37:49-debug: native:(onAfterBundleInit) in 14 ms ✓, progress: 13%
2026-9-7 21:37:49-debug: // ---- build task android：onAfterBundleInit ---- (8ms)
2026-9-7 21:37:49-debug: // ---- build task 查询 Asset Bundle ----
2026-9-7 21:37:49-debug: Init bundle root assets start..., progress: 11%
2026-9-7 21:37:49-debug: Init bundle root assets start..., progress: 20%
2026-9-7 21:37:49-debug: 查询 Asset Bundle start, progress: 11%
2026-9-7 21:37:49-debug: android:(onAfterBundleInit) in 8 ms ✓, progress: 20%
2026-9-7 21:37:49-debug: android:(onAfterBundleInit) in 8 ms ✓, progress: 11%
2026-9-7 21:37:49-debug: Query preload assets/scripts from cc.config.json: 60f7195c-ec2a-45eb-ba94-8955f60e81d0,1c02ae6f-4492-4915-b8f8-7492a3b1e4cd,810e96e4-e456-4468-9b59-f4e8f39732c0,efe8e2a3-eace-427b-b4f1-cb8a937ec77d,e9aa9a3e-5b2b-4ac7-a2c7-073de2b2b24f,8bbdbcdd-5cd4-4100-b6d5-b7c9625b6107,50f4348b-c883-4e2f-8f11-ce233b859fa1,fda095cb-831d-4601-ad94-846013963de8,f92806d7-1768-443f-afe8-12bcde84d0f0,dd3a144d-ab7f-41f0-82b8-2e43a090d496,f0416e68-0200-4b77-a926-4f9d16e494da,511d2633-09a7-4bdd-ac42-f778032124b3,5d45aa00-e064-4938-b314-4265f0c2258c,9361fd90-ba52-4f84-aa93-6e878fd576ca,970b0598-bcb0-4714-91fb-2e81440dccd8,bcd64cc6-2dd9-43f6-abbe-66318d332032,d930590d-bb92-4cc8-8bd1-23cd027f9edf,a3cd009f-0ab0-420d-9278-b9fdab939bbc,6a2d0734-bd9e-4ddf-946e-caa52498cb75,c27215d8-6835-4b68-bfbb-bdeac6100c04,b5d6115f-0370-4d7c-aad3-c194cc71cf98,d1346436-ac96-4271-b863-1f4fdead95b0,971bdb23-3ff6-43eb-b422-1c30165a3663,17debcc3-0a6b-4b8a-b00b-dc58b885581e,711ebe11-f673-4cd9-9a83-63c60ba54c5b,c0143906-9aed-447e-9436-2ae8512d1b6e,14da1725-c4c2-42b4-ab08-ee0aeb6898b3,081cab31-dccd-428e-8652-f2404cc81c47,78e0584a-4343-4727-8f37-e14e65c2a2db,ba21476f-2866-4f81-9c4d-6e359316e448,871c3b6c-7379-419d-bda3-794b239ab90d,1d08ef62-a503-4ce2-8b9a-46c90873f7d3,ff9b0199-ce04-4cfe-86cc-6c719f08d6e4,de1c2107-70c8-4021-8459-6399f24d01c6,cbf30902-517f-40dc-af90-a550bac27cf1,5c601d96-e4c7-4698-991b-7ee674b11079
2026-9-7 21:37:49-debug: Init bundle root assets success..., progress: 11%
2026-9-7 21:37:49-debug: Init bundle root assets success..., progress: 20%
2026-9-7 21:37:49-debug: reload all scripts.
2026-9-7 21:37:49-debug:   Number of all scenes: 2
2026-9-7 21:37:49-debug:   Number of all scripts: 27
2026-9-7 21:37:49-debug:   Number of other assets: 445
2026-9-7 21:37:49-debug: [[Executor]] reload before lock
2026-9-7 21:37:49-debug: Set detail map pack:///resolution-detail-map.json: {}
2026-9-7 21:37:49-debug: Unregister BuiltinDepthOfFieldPass
2026-9-7 21:37:49-debug: Unregister DebugViewRuntimeControl
2026-9-7 21:37:49-debug: Unregister HallView
2026-9-7 21:37:49-debug: Unregister GameController
2026-9-7 21:37:49-debug: Unregister Palette
2026-9-7 21:37:49-debug: Invalidating 'pack:///chunks/93/93ba276ea7b26ffcdc433fab14afc1ed6f05647b.js'
2026-9-7 21:37:49-debug: Invalidating 'pack:///chunks/3a/3af2b99d9d250d0c94e80c615712be1d07b4cf47.js'
2026-9-7 21:37:49-debug: Invalidating 'pack:///chunks/6a/6a5019a719a9014c047e67aa1cf34453ab8392ce.js'
2026-9-7 21:37:49-debug: Invalidating 'pack:///chunks/6d/6d8fd2b0177941b032ddc0733af48a561fb60657.js'
2026-9-7 21:37:49-debug: Invalidating 'pack:///chunks/4f/4fd3d121a4e148a0cab634e8b8fe61cad0fda6b5.js'
2026-9-7 21:37:49-debug: Unregister BuiltinPipelineSettings
2026-9-7 21:37:49-debug: Invalidating 'pack:///chunks/13/13619a4d60fbb6416edf8ba7ec0b195f2fcda55a.js'
2026-9-7 21:37:49-debug: Invalidating 'pack:///chunks/9c/9c8e4ae02cd522e18faba9e72e8803c8bdb97382.js'
2026-9-7 21:37:49-debug: Invalidating 'pack:///chunks/b2/b266abe6e5c8a004a35569a0ce4a91a645ece924.js'
2026-9-7 21:37:49-debug: Invalidating 'pack:///chunks/24/24a51135d454a918abdb28c02fa0797edd16b93a.js'
2026-9-7 21:37:49-debug: Unregister BuiltinPipelinePassBuilder
2026-9-7 21:37:49-debug: Invalidating 'pack:///chunks/5a/5aa4602142647299e494c5279080b21df8b17ba8.js'
2026-9-7 21:37:49-debug: Invalidating 'pack:///chunks/b6/b6b5fe1f5e9baae816da9efb009322b57c804e53.js'
2026-9-7 21:37:49-debug: Invalidating 'pack:///chunks/12/12c65421cc0155055b91675091185216d6546867.js'
2026-9-7 21:37:49-debug: Invalidating 'pack:///chunks/f2/f23104a6f39ea91b7114b2470be34d9e21ffef96.js'
2026-9-7 21:37:49-debug: Invalidating 'pack:///chunks/15/15600ced11babfebae3faaf52d02ae2f4c66e459.js'
2026-9-7 21:37:49-debug: Invalidating 'pack:///chunks/f8/f86578f64ee8c4ed3cd3b11c152a67b3c63c6191.js'
2026-9-7 21:37:49-debug: Invalidating 'pack:///chunks/b8/b8504ea7cb01149096e396f4d62ef374efb97b90.js'
2026-9-7 21:37:49-debug: Invalidating 'pack:///chunks/87/87c4b5d58115ee6102b02680ea6b39d34083b342.js'
2026-9-7 21:37:49-debug: Invalidating 'pack:///chunks/c7/c7b3f13953cc5ebc12020e37baef585e34bba076.js'
2026-9-7 21:37:49-debug: Invalidating 'pack:///chunks/45/450f4bf87e01483c0555ff8a1a7007d732c76681.js'
2026-9-7 21:37:49-debug: Invalidating 'pack:///chunks/ef/ef617c34bd4c3aae68613b5875ba028fe3c90220.js'
2026-9-7 21:37:49-debug: Invalidating 'pack:///chunks/d9/d968a63b1f6a7be732e6a472bedb458e8800a5ed.js'
2026-9-7 21:37:49-debug: Invalidating 'pack:///chunks/86/86b8638a66ab4c727e439f4d8cdd7595bd7cb611.js'
2026-9-7 21:37:49-debug: Invalidating 'pack:///chunks/64/6486c8c6505151c6fbd05c0c4e6b2917973d56fc.js'
2026-9-7 21:37:49-debug: Invalidating 'pack:///chunks/24/24151802ccc33fda32aaaaa5d3f0f252bc70b3a7.js'
2026-9-7 21:37:49-debug: Invalidating 'pack:///chunks/f6/f6298e0677cff2cd4b81597711fdf2f4a9cd6dd0.js'
2026-9-7 21:37:49-debug: Invalidating 'pack:///chunks/6b/6b59555042a9092ad18f700c6cfe2d9a6b357b3b.js'
2026-9-7 21:37:49-debug: Invalidating 'pack:///chunks/d4/d4a2b776ab5f70113334189e7d040418f0451a53.js'
2026-9-7 21:37:49-debug: Invalidating 'pack:///chunks/01/013a8250e9ddb89132f9af394f27aab6e5b0fcc0.js'
2026-9-7 21:37:49-debug: [[Executor]] Module "pack:///chunks/6d/6d8fd2b0177941b032ddc0733af48a561fb60657.js" loaded.
2026-9-7 21:37:49-debug: [[Executor]] Module "pack:///chunks/6a/6a5019a719a9014c047e67aa1cf34453ab8392ce.js" loaded.
2026-9-7 21:37:49-debug: [[Executor]] Module "pack:///chunks/13/13619a4d60fbb6416edf8ba7ec0b195f2fcda55a.js" loaded.
2026-9-7 21:37:49-debug: Invalidating 'pack:///chunks/74/742e69fbb2c3d11edf92f8bdcc2efeb77bb0c24e.js'
2026-9-7 21:37:49-debug: [[Executor]] Module "pack:///chunks/87/87c4b5d58115ee6102b02680ea6b39d34083b342.js" loaded.
2026-9-7 21:37:49-debug: [[Executor]] Register BuiltinPipelinePassBuilder
2026-9-7 21:37:49-debug: [[Executor]] Module "pack:///chunks/4f/4fd3d121a4e148a0cab634e8b8fe61cad0fda6b5.js" loaded.
2026-9-7 21:37:49-debug: Invalidating 'pack:///chunks/5d/5d7e7cd5dab4aa75218e5a0454deda068d6567a6.js'
2026-9-7 21:37:49-debug: [[Executor]] Register BuiltinDepthOfFieldPass
2026-9-7 21:37:49-debug: [[Executor]] Module "pack:///chunks/3a/3af2b99d9d250d0c94e80c615712be1d07b4cf47.js" loaded.
2026-9-7 21:37:49-debug: [[Executor]] Module "pack:///chunks/86/86b8638a66ab4c727e439f4d8cdd7595bd7cb611.js" loaded.
2026-9-7 21:37:49-debug: [[Executor]] Module "pack:///chunks/9c/9c8e4ae02cd522e18faba9e72e8803c8bdb97382.js" loaded.
2026-9-7 21:37:49-debug: [[Executor]] Module "pack:///chunks/f2/f23104a6f39ea91b7114b2470be34d9e21ffef96.js" loaded.
2026-9-7 21:37:49-debug: [[Executor]] Register DebugViewRuntimeControl
2026-9-7 21:37:49-debug: [[Executor]] Module "pack:///chunks/15/15600ced11babfebae3faaf52d02ae2f4c66e459.js" loaded.
2026-9-7 21:37:49-debug: [[Executor]] Module "pack:///chunks/12/12c65421cc0155055b91675091185216d6546867.js" loaded.
2026-9-7 21:37:49-debug: [[Executor]] Module "pack:///chunks/5a/5aa4602142647299e494c5279080b21df8b17ba8.js" loaded.
2026-9-7 21:37:49-debug: [[Executor]] Module "pack:///chunks/b6/b6b5fe1f5e9baae816da9efb009322b57c804e53.js" loaded.
2026-9-7 21:37:49-debug: [[Executor]] Module "pack:///chunks/24/24a51135d454a918abdb28c02fa0797edd16b93a.js" loaded.
2026-9-7 21:37:49-debug: [[Executor]] Module "pack:///chunks/f8/f86578f64ee8c4ed3cd3b11c152a67b3c63c6191.js" loaded.
2026-9-7 21:37:49-debug: [[Executor]] Register HallView
2026-9-7 21:37:49-debug: [[Executor]] Module "pack:///chunks/b2/b266abe6e5c8a004a35569a0ce4a91a645ece924.js" loaded.
2026-9-7 21:37:49-debug: [[Executor]] Module "pack:///chunks/5d/5d7e7cd5dab4aa75218e5a0454deda068d6567a6.js" loaded.
2026-9-7 21:37:49-debug: [[Executor]] Register GameController
2026-9-7 21:37:49-debug: [[Executor]] Register BuiltinPipelineSettings
2026-9-7 21:37:49-debug: [[Executor]] Module "pack:///chunks/c7/c7b3f13953cc5ebc12020e37baef585e34bba076.js" loaded.
2026-9-7 21:37:49-debug: [[Executor]] Module "pack:///chunks/01/013a8250e9ddb89132f9af394f27aab6e5b0fcc0.js" loaded.
2026-9-7 21:37:49-debug: [[Executor]] Module "pack:///chunks/b8/b8504ea7cb01149096e396f4d62ef374efb97b90.js" loaded.
2026-9-7 21:37:49-debug: [[Executor]] Module "pack:///chunks/d9/d968a63b1f6a7be732e6a472bedb458e8800a5ed.js" loaded.
2026-9-7 21:37:49-debug: [[Executor]] Module "pack:///chunks/45/450f4bf87e01483c0555ff8a1a7007d732c76681.js" loaded.
2026-9-7 21:37:49-debug: [[Executor]] Module "pack:///chunks/64/6486c8c6505151c6fbd05c0c4e6b2917973d56fc.js" loaded.
2026-9-7 21:37:49-debug: [[Executor]] Module "pack:///chunks/24/24151802ccc33fda32aaaaa5d3f0f252bc70b3a7.js" loaded.
2026-9-7 21:37:49-debug: [[Executor]] Module "pack:///chunks/93/93ba276ea7b26ffcdc433fab14afc1ed6f05647b.js" loaded.
2026-9-7 21:37:49-debug: [[Executor]] Register Palette
2026-9-7 21:37:49-debug: [[Executor]] Module "pack:///chunks/6b/6b59555042a9092ad18f700c6cfe2d9a6b357b3b.js" loaded.
2026-9-7 21:37:49-debug: [[Executor]] Module "pack:///chunks/f6/f6298e0677cff2cd4b81597711fdf2f4a9cd6dd0.js" loaded.
2026-9-7 21:37:49-debug: [[Executor]] Module "pack:///chunks/6d/6d8fd2b0177941b032ddc0733af48a561fb60657.js" loaded.
2026-9-7 21:37:49-debug: [[Executor]] Module "pack:///chunks/74/742e69fbb2c3d11edf92f8bdcc2efeb77bb0c24e.js" loaded.
2026-9-7 21:37:49-debug: [[Executor]] Module "pack:///chunks/d4/d4a2b776ab5f70113334189e7d040418f0451a53.js" loaded.
2026-9-7 21:37:49-debug: [[Executor]] Module "pack:///chunks/ef/ef617c34bd4c3aae68613b5875ba028fe3c90220.js" loaded.
2026-9-7 21:37:49-debug: [[Executor]] after unlock
2026-9-7 21:37:49-debug: Init bundle share assets start..., progress: 11%
2026-9-7 21:37:49-debug: Incremental keys: MainBundle,UIPath,MaxPage,MaxFullPage,MaxPopPage,on,once,trigger,off,clearEvent,getInst,startGame,stopGame,LOG,WARN,ERROR,LogApi,ResetTo,PopTo,SwitchTo,ShowDialog,ShowTip,ShowCommon
2026-9-7 21:37:49-debug: Init bundle share assets start..., progress: 20%
2026-9-7 21:37:49-debug: Init bundle share assets success..., progress: 11%
2026-9-7 21:37:49-debug: Init bundle share assets success..., progress: 20%
2026-9-7 21:37:49-debug: handle json group in bundle internal
2026-9-7 21:37:49-debug: handle json group in bundle Hall
2026-9-7 21:37:49-debug: handle json group in bundle InsectXiaoxiaole
2026-9-7 21:37:49-debug: init image compress task 0 in bundle internal
2026-9-7 21:37:49-debug: handle json group in bundle Common success
2026-9-7 21:37:49-debug: init image compress task 0 in bundle Common
2026-9-7 21:37:49-debug: handle json group in bundle main
2026-9-7 21:37:49-debug: init image compress task 0 in bundle main
2026-9-7 21:37:49-debug: handle json group in bundle Hall success
2026-9-7 21:37:49-debug: init image compress task 0 in bundle Hall
2026-9-7 21:37:49-debug: handle json group in bundle InsectXiaoxiaole success
2026-9-7 21:37:49-debug: init image compress task 0 in bundle InsectXiaoxiaole
2026-9-7 21:37:49-debug: handle json group in bundle Common
2026-9-7 21:37:49-debug: handle json group in bundle internal success
2026-9-7 21:37:49-debug: handle json group in bundle main success
2026-9-7 21:37:49-debug: // ---- build task 查询 Asset Bundle ---- (57ms)
2026-9-7 21:37:49-debug: // ---- build task 查询 Asset Bundle ----
2026-9-7 21:37:49-debug: [Build Memory track]: 查询 Asset Bundle start:245.69MB, end 246.23MB, increase: 555.75KB
2026-9-7 21:37:49-debug: 查询 Asset Bundle start, progress: 16%
2026-9-7 21:37:49-log: run build task 查询 Asset Bundle success in 57 ms√, progress: 16%
2026-9-7 21:37:49-debug: // ---- build task 查询 Asset Bundle ---- (11ms)
2026-9-7 21:37:49-debug: native:(onAfterBundleDataTask) start..., progress: 20%
2026-9-7 21:37:49-log: run build task 查询 Asset Bundle success in 11 ms√, progress: 21%
2026-9-7 21:37:49-debug: native:(onAfterBundleDataTask) start..., progress: 21%
2026-9-7 21:37:49-debug: [Build Memory track]: 查询 Asset Bundle start:246.26MB, end 246.48MB, increase: 227.28KB
2026-9-7 21:37:49-debug: // ---- build task native：onAfterBundleDataTask ----
2026-9-7 21:37:49-debug: // ---- build task native：onAfterBundleDataTask ---- (8ms)
2026-9-7 21:37:49-debug: native:(onAfterBundleDataTask) in 8 ms ✓, progress: 21%
2026-9-7 21:37:49-debug: native:(onAfterBundleDataTask) in 8 ms ✓, progress: 27%
2026-9-7 21:37:49-debug: 打包脚本 start, progress: 21%
2026-9-7 21:37:49-debug: // ---- build task 打包脚本 ----
2026-9-7 21:37:49-log: [buildPolyfillsCommand]enter sub process 15152, 9229, see: chrome://inspect/#devices
2026-9-7 21:37:50-log: [buildPolyfillsCommand]Caught exception during build core-js: WebpackOptionsValidationError: Invalid configuration object. Webpack has been initialised using a configuration object that does not match the API schema. - configuration.entry should be an non-empty array.   -> A non-empty array of non-empty stringsThis may indicates the core-js polyfill is not necessary. See https://github.com/zloirock/core-js/issues/822
2026-9-7 21:37:50-debug: execute-script-end with buildPolyfillsCommand 725ms
2026-9-7 21:37:50-debug: Generate systemJs..., progress: 21%
2026-9-7 21:37:51-debug: execute-script-end with buildSystemJsCommand 792ms
2026-9-7 21:37:51-debug: 构建项目脚本 start..., progress: 27%
2026-9-7 21:37:51-debug: 构建项目脚本 start..., progress: 21%
2026-9-7 21:37:52-log: [buildScriptCommand]Number of non-entry chunks: 5
2026-9-7 21:37:52-debug: execute-script-end with buildScriptCommand 878ms
2026-9-7 21:37:52-debug: Copy externalScripts success!
2026-9-7 21:37:52-debug: 构建引擎脚本 start..., progress: 21%
2026-9-7 21:37:52-debug: 构建项目脚本 in (901 ms) √, progress: 27%
2026-9-7 21:37:52-debug: 构建项目脚本 in (901 ms) √, progress: 21%
2026-9-7 21:37:52-debug: mangleProperties is enabled, found engine-mangle-config.json, use it
2026-9-7 21:37:52-debug: Error: Exit process with code:null, signal:SIGTERM in task build-script    at ChildProcess.<anonymous> (/Applications/Cocos/Creator/3.8.8/CocosCreator.app/Contents/Resources/app.asar/builtin/builder/dist/worker/worker-pools/sub-process-manager.ccc:1:2409)    at ChildProcess.emit (node:events:519:28)    at Process.ChildProcess._handle.onexit (node:internal/child_process:294:12)
2026-9-7 21:37:52-debug: Use cache engine: {link(/var/folders/7t/9_hr0j7913s_fxkzfpcnpfy40000gn/T/CocosCreator/3.8.8/builder/engine/aca153c37e28b7fa48e779789cbe0f57)}
2026-9-7 21:37:52-debug: Use cache, md5String: debug=false,sourceMaps=false,includeModules=["2d","3d","affine-transform","animation","audio","base","custom-pipeline","dragon-bones","graphics","intersection-2d","light-probe","marionette","mask","particle","particle-2d","physics-2d-box2d","physics-ammo","primitive","profiler","rich-text","skeletal-animation","spine-3.8","terrain","tiled-map","tween","ui","ui-skew","video","websocket","webview","custom-pipeline-builtin-scripts"],engineVersion="3.8.8",platformType="ANDROID",split=undefined,nativeCodeBundleMode="wasm",targets="chrome 80",entry="/Applications/Cocos/Creator/3.8.8/CocosCreator.app/Contents/Resources/resources/3d/engine",noDeprecatedFeatures=undefined,loose=true,assetURLFormat=undefined,flags={"DEBUG":false,"LOAD_BULLET_MANUALLY":false,"LOAD_SPINE_MANUALLY":false},preserveType=undefined,wasmCompressionMode=false,enableNamedRegisterForSystemJSModuleFormat=undefined,mangleProperties=false,inlineEnum=true,
2026-9-7 21:37:52-debug: Use cache, options: {  "entry": "/Applications/Cocos/Creator/3.8.8/CocosCreator.app/Contents/Resources/resources/3d/engine",  "debug": false,  "mangleProperties": false,  "inlineEnum": true,  "sourceMaps": false,  "includeModules": [    "2d",    "3d",    "affine-transform",    "animation",    "audio",    "base",    "custom-pipeline",    "dragon-bones",    "graphics",    "intersection-2d",    "light-probe",    "marionette",    "mask",    "particle",    "particle-2d",    "physics-2d-box2d",    "physics-ammo",    "primitive",    "profiler",    "rich-text",    "skeletal-animation",    "spine-3.8",    "terrain",    "tiled-map",    "tween",    "ui",    "ui-skew",    "video",    "websocket",    "webview",    "custom-pipeline-builtin-scripts"  ],  "engineVersion": "3.8.8",  "md5Map": [],  "engineName": "cocos-js",  "output": "/Users/byron/custom-proj/GameBox/build/android/data/src/cocos-js",  "platformType": "ANDROID",  "useCache": true,  "nativeCodeBundleMode": "wasm",  "wasmCompressionMode": false,  "targets": "chrome 80",  "flags": {    "DEBUG": false,    "LOAD_BULLET_MANUALLY": false,    "LOAD_SPINE_MANUALLY": false  }}
2026-9-7 21:37:52-debug: 构建引擎脚本 in (35 ms) √, progress: 21%
2026-9-7 21:37:52-debug: Copy plugin script ..., progress: 21%
2026-9-7 21:37:52-debug: Generate import-map..., progress: 21%
2026-9-7 21:37:52-debug: // ---- build task 打包脚本 ---- (2466ms)
2026-9-7 21:37:52-debug: // ---- build task Build Assets ----
2026-9-7 21:37:52-debug: Build bundles..., progress: 26%
2026-9-7 21:37:52-debug: Pack Images start, progress: 26%
2026-9-7 21:37:52-debug: Build Assets start, progress: 26%
2026-9-7 21:37:52-debug: Number of pac assets: 2
2026-9-7 21:37:52-debug: Pack Images start, progress: 27%
2026-9-7 21:37:52-log: run build task 打包脚本 success in 2 s√, progress: 26%
2026-9-7 21:37:52-debug: [Build Memory track]: 打包脚本 start:246.02MB, end 246.51MB, increase: 503.48KB
2026-9-7 21:37:52-debug: Get Cache info of pac success {asset(4cb4a00e-c1f5-421c-9de0-6736f3172569)}
2026-9-7 21:37:52-debug: start sort bundle in pac4cb4a00e-c1f5-421c-9de0-6736f3172569
2026-9-7 21:37:52-debug: Number of pack results: 1
2026-9-7 21:37:52-debug: end sort bundle in pac4cb4a00e-c1f5-421c-9de0-6736f3172569
2026-9-7 21:37:52-debug: remove spriteAtlas._uuid : {asset(4cb4a00e-c1f5-421c-9de0-6736f3172569)}
2026-9-7 21:37:52-debug: start collect depend assets in pac4cb4a00e-c1f5-421c-9de0-6736f3172569
2026-9-7 21:37:52-debug: Asset {asset(db://assets/Hall/textures/HallView/auto-atlas.pac)} is Bundle
2026-9-7 21:37:52-debug: builder:pack-auto-atlas-image (48ms)
2026-9-7 21:37:52-debug: Compress image start..., progress: 26%
2026-9-7 21:37:52-debug: sort compress task {}
2026-9-7 21:37:52-debug: Pack Images success, progress: 27%
2026-9-7 21:37:52-debug: No image need to compress
2026-9-7 21:37:52-debug: Pack Images success, progress: 26%
2026-9-7 21:37:52-debug: Compress image success..., progress: 27%
2026-9-7 21:37:52-debug: Output asset in bundles start, progress: 26%
2026-9-7 21:37:52-debug: Compress image success..., progress: 26%
2026-9-7 21:37:52-debug: Handle all json groups in bundle internal
2026-9-7 21:37:52-debug: Compress image start..., progress: 27%
2026-9-7 21:37:52-debug: Output asset in bundles start, progress: 27%
2026-9-7 21:37:52-debug: handle json group
2026-9-7 21:37:52-debug: handle json group
2026-9-7 21:37:52-debug: handle json group
2026-9-7 21:37:52-debug: handle single json
2026-9-7 21:37:52-debug: Handle all json groups in bundle Common
2026-9-7 21:37:52-debug: Handle all json groups in bundle Hall
2026-9-7 21:37:52-debug: Handle all json groups in bundle main
2026-9-7 21:37:52-debug: handle json group
2026-9-7 21:37:52-debug: handle json group
2026-9-7 21:37:52-debug: Handle all json groups in bundle InsectXiaoxiaole
2026-9-7 21:37:52-debug: Num of all image compress task 0, really: 0, configTasks: 0
2026-9-7 21:37:52-debug: handle single json
2026-9-7 21:37:52-debug: handle single json
2026-9-7 21:37:52-debug: Json group(0dff29e57) compile success，json number: 6
2026-9-7 21:37:52-debug: Json group(096135cb0) compile success，json number: 6
2026-9-7 21:37:52-debug: Json group(09667c353) compile success，json number: 6
2026-9-7 21:37:52-debug: handle single json
2026-9-7 21:37:52-debug: Json group(07d3aae9f) compile success，json number: 6
2026-9-7 21:37:52-debug: handle single json
2026-9-7 21:37:52-debug: Output asset in bundles success, progress: 26%
2026-9-7 21:37:52-debug: Output asset in bundles success, progress: 27%
2026-9-7 21:37:52-debug: Output asset in bundles start, progress: 26%
2026-9-7 21:37:52-debug: compress config of bundle internal...
2026-9-7 21:37:52-debug: compress config of bundle main success
2026-9-7 21:37:52-debug: compress config of bundle Common...
2026-9-7 21:37:52-debug: compress config of bundle Common success
2026-9-7 21:37:52-debug: compress config of bundle Hall...
2026-9-7 21:37:52-debug: compress config of bundle Hall success
2026-9-7 21:37:52-debug: compress config of bundle InsectXiaoxiaole...
2026-9-7 21:37:52-debug: compress config of bundle InsectXiaoxiaole success
2026-9-7 21:37:52-debug: compress config of bundle main...
2026-9-7 21:37:52-debug: output config of bundle internal success
2026-9-7 21:37:52-debug: output config of bundle main
2026-9-7 21:37:52-debug: output config of bundle main success
2026-9-7 21:37:52-debug: output config of bundle Common
2026-9-7 21:37:52-debug: output config of bundle Common success
2026-9-7 21:37:52-debug: output config of bundle Hall
2026-9-7 21:37:52-debug: output config of bundle Hall success
2026-9-7 21:37:52-debug: output config of bundle InsectXiaoxiaole
2026-9-7 21:37:52-debug: output config of bundle internal
2026-9-7 21:37:52-debug: Output asset in bundles success, progress: 26%
2026-9-7 21:37:52-debug: Output asset in bundles success, progress: 27%
2026-9-7 21:37:52-debug: output config of bundle InsectXiaoxiaole success
2026-9-7 21:37:52-debug: Output asset in bundles start, progress: 27%
2026-9-7 21:37:52-debug: compress config of bundle internal success
2026-9-7 21:37:52-debug: // ---- build task Build Assets ---- (145ms)
2026-9-7 21:37:52-debug: // ---- build task 整理部分构建选项内数据到 settings.json ----
2026-9-7 21:37:52-debug: [Build Memory track]: Build Assets start:246.54MB, end 233.79MB, increase: -13049.10KB
2026-9-7 21:37:52-debug: 整理部分构建选项内数据到 settings.json start, progress: 31%
2026-9-7 21:37:52-log: run build task Build Assets success in 145 ms√, progress: 31%
2026-9-7 21:37:52-debug: // ---- build task 整理部分构建选项内数据到 settings.json ---- (15ms)
2026-9-7 21:37:52-debug: // ---- build task 填充脚本数据到 settings.json ----
2026-9-7 21:37:52-debug: [Build Memory track]: 整理部分构建选项内数据到 settings.json start:233.89MB, end 234.01MB, increase: 130.56KB
2026-9-7 21:37:52-debug: 填充脚本数据到 settings.json start, progress: 33%
2026-9-7 21:37:52-log: run build task 整理部分构建选项内数据到 settings.json success in 15 ms√, progress: 33%
2026-9-7 21:37:52-debug: // ---- build task 填充脚本数据到 settings.json ---- (9ms)
2026-9-7 21:37:52-debug: 整理部分构建选项内数据到 settings.json start, progress: 34%
2026-9-7 21:37:52-debug: [Build Memory track]: 填充脚本数据到 settings.json start:234.04MB, end 234.16MB, increase: 119.73KB
2026-9-7 21:37:52-debug: // ---- build task 整理部分构建选项内数据到 settings.json ----
2026-9-7 21:37:52-log: run build task 填充脚本数据到 settings.json success in 9 ms√, progress: 34%
2026-9-7 21:37:52-debug: // ---- build task 整理部分构建选项内数据到 settings.json ---- (14ms)
2026-9-7 21:37:52-debug: cocos-service:(onBeforeCompressSettings) start..., progress: 36%
2026-9-7 21:37:52-debug: [Build Memory track]: 整理部分构建选项内数据到 settings.json start:234.19MB, end 234.41MB, increase: 222.07KB
2026-9-7 21:37:52-debug: // ---- build task cocos-service：onBeforeCompressSettings ----
2026-9-7 21:37:52-log: run build task 整理部分构建选项内数据到 settings.json success in 14 ms√, progress: 36%
2026-9-7 21:37:52-debug: // ---- build task cocos-service：onBeforeCompressSettings ---- (196ms)
2026-9-7 21:37:52-debug: cocos-service:(onBeforeCompressSettings) in 196 ms ✓, progress: 38%
2026-9-7 21:37:52-debug: 整理静态模板文件 start, progress: 38%
2026-9-7 21:37:52-debug: // ---- build task 整理静态模板文件 ----
2026-9-7 21:37:52-debug: // ---- build task 整理静态模板文件 ---- (16ms)
2026-9-7 21:37:52-debug: native:(onAfterCompressSettings) start..., progress: 43%
2026-9-7 21:37:52-debug: // ---- build task native：onAfterCompressSettings ----
2026-9-7 21:37:52-debug: [Build Memory track]: 整理静态模板文件 start:234.62MB, end 236.14MB, increase: 1.52MB
2026-9-7 21:37:52-log: run build task 整理静态模板文件 success in 16 ms√, progress: 43%
2026-9-7 21:37:52-log: Checking template version...
2026-9-7 21:37:52-log: Validating template consistency...
2026-9-7 21:37:52-debug: generateCMakeConfig, {"CC_USE_GLES3":"set(CC_USE_GLES3 ON)","CC_USE_GLES2":"set(CC_USE_GLES2 ON)","USE_SERVER_MODE":"set(USE_SERVER_MODE OFF)","NET_MODE":"set(NET_MODE 0)","XXTEAKEY":"","CC_ENABLE_SWAPPY":"set(CC_ENABLE_SWAPPY OFF)","APP_NAME":"set(APP_NAME \"GameBox\")","COCOS_X_PATH":"set(COCOS_X_PATH \"/Applications/Cocos/Creator/3.8.8/CocosCreator.app/Contents/Resources/resources/3d/engine/native\")","USE_JOB_SYSTEM_TASKFLOW":"set(USE_JOB_SYSTEM_TASKFLOW OFF)","USE_JOB_SYSTEM_TBB":"set(USE_JOB_SYSTEM_TBB OFF)","ENABLE_FLOAT_OUTPUT":"set(ENABLE_FLOAT_OUTPUT OFF)","USE_PHYSICS_PHYSX":"set(USE_PHYSICS_PHYSX OFF)","USE_BOX2D_JSB":"set(USE_BOX2D_JSB OFF)","USE_OCCLUSION_QUERY":"set(USE_OCCLUSION_QUERY OFF)","USE_GEOMETRY_RENDERER":"set(USE_GEOMETRY_RENDERER OFF)","USE_DEBUG_RENDERER":"set(USE_DEBUG_RENDERER OFF)","USE_AUDIO":"set(USE_AUDIO ON)","USE_VIDEO":"set(USE_VIDEO ON)","USE_WEBVIEW":"set(USE_WEBVIEW ON)","USE_SOCKET":"set(USE_SOCKET ON)","USE_WEBSOCKET_SERVER":"set(USE_WEBSOCKET_SERVER OFF)","USE_VENDOR":"set(USE_VENDOR OFF)","USE_SPINE_3_8":"set(USE_SPINE_3_8 ON)","USE_SPINE_4_2":"set(USE_SPINE_4_2 OFF)","USE_DRAGONBONES":"set(USE_DRAGONBONES ON)","CC_USE_VULKAN":"set(CC_USE_VULKAN OFF)","USE_ADPF":"set(USE_ADPF ON)"}
2026-9-7 21:37:52-log: While replace template content, file /Users/byron/custom-proj/GameBox/build/android/proj/main.cpp
2026-9-7 21:37:52-log: While replace template content, file /Users/byron/custom-proj/GameBox/build/android/proj/main.m
2026-9-7 21:37:52-log: While replace template content, file /Users/byron/custom-proj/GameBox/native/engine/android/entry/src/main/config.json
2026-9-7 21:37:52-log: update settings.properties
2026-9-7 21:37:52-log: update gradle.properties
2026-9-7 21:37:52-log: AndroidManifest.xml has already been updated!
2026-9-7 21:37:52-log: AndroidAPI level 34
2026-9-7 21:37:52-debug: // ---- build task native：onAfterCompressSettings ---- (25ms)
2026-9-7 21:37:52-debug: native:(onAfterCompressSettings) in 25 ms ✓, progress: 45%
2026-9-7 21:37:52-debug: cocos-service:(onAfterCompressSettings) start..., progress: 45%
2026-9-7 21:37:52-debug: // ---- build task cocos-service：onAfterCompressSettings ----
2026-9-7 21:37:52-debug: // ---- build task cocos-service：onAfterCompressSettings ---- (204ms)
2026-9-7 21:37:52-debug: // ---- build task 给所有的资源加上 MD5 后缀 ----
2026-9-7 21:37:52-debug: 给所有的资源加上 MD5 后缀 start, progress: 46%
2026-9-7 21:37:52-debug: cocos-service:(onAfterCompressSettings) in 204 ms ✓, progress: 46%
2026-9-7 21:37:52-debug: // ---- build task 给所有的资源加上 MD5 后缀 ---- (12ms)
2026-9-7 21:37:52-debug: // ---- build task native：onAfterBuild ----
2026-9-7 21:37:52-debug: [Build Memory track]: 给所有的资源加上 MD5 后缀 start:234.35MB, end 234.47MB, increase: 119.97KB
2026-9-7 21:37:52-debug: native:(onAfterBuild) start..., progress: 56%
2026-9-7 21:37:52-log: run build task 给所有的资源加上 MD5 后缀 success in 12 ms√, progress: 56%
2026-9-7 21:37:52-debug: // ---- build task native：onAfterBuild ---- (13ms)
2026-9-7 21:37:52-debug: native:(onAfterBuild) in 13 ms ✓, progress: 58%
2026-9-7 21:37:52-debug: cocos-service:(onAfterBuild) start..., progress: 58%
2026-9-7 21:37:52-debug: // ---- build task cocos-service：onAfterBuild ----
2026-9-7 21:37:53-debug: // ---- build task cocos-service：onAfterBuild ---- (190ms)
2026-9-7 21:37:53-debug: cocos-service:(onAfterBuild) in 190 ms ✓, progress: 60%
2026-9-7 21:37:53-debug: adsense-h5g-plugin:(onAfterBuild) start..., progress: 60%
2026-9-7 21:37:53-debug: // ---- build task adsense-h5g-plugin：onAfterBuild ----
2026-9-7 21:37:53-debug: // ---- build task adsense-h5g-plugin：onAfterBuild ---- (12ms)
2026-9-7 21:37:53-log: Asset DB is resume!
2026-9-7 21:37:53-debug: adsense-h5g-plugin:(onAfterBuild) in 12 ms ✓, progress: 62%
2026-9-7 21:37:53-debug: builder:build-project-total (3963ms)
2026-9-7 21:37:53-debug: build task(android) in 3963!
2026-9-7 21:37:53-debug: [Build Memory track]: builder:build-project-total start:247.15MB, end 235.53MB, increase: -11904.25KB
2026-9-7 21:37:53-debug: ================================ build Task (android) Finished in (3 s)ms ================================
2026-9-7 21:37:53-debug: Stop record console. {file(/Users/byron/custom-proj/GameBox/temp/builder/log/android9-7-2026 20-13.log)}
2026-9-7 21:38:11-debug: refresh db internal success
2026-9-7 21:38:11-debug: refresh db assets success
2026-9-7 21:38:11-debug: Run asset db hook engine-extends:afterRefresh ...
2026-9-7 21:38:11-debug: Run asset db hook engine-extends:afterRefresh success!
2026-9-7 21:38:11-debug: asset-db:refresh-all-database (22ms)
2026-9-7 21:38:11-debug: asset-db-hook-engine-extends-afterRefresh (1ms)
2026-9-7 21:38:32-debug: Start record console... {file(/Users/byron/custom-proj/GameBox/temp/builder/log/android9-7-2026 21-38.log)}
2026-9-7 21:38:32-debug: =================================== build Task (android) Start ================================
2026-9-7 21:38:32-debug: Start build task, options:{"name":"GameBox","server":"https://ggg","engineModulesConfigKey":"defaultConfig","platform":"android","buildPath":"project://build","debug":false,"buildMode":"normal","mangleProperties":false,"md5Cache":false,"skipCompressTexture":false,"sourceMaps":false,"overwriteProjectSettings":{"macroConfig":{"cleanupImageCache":"inherit-project-setting"},"includeModules":{"physics":"inherit-project-setting","physics-2d":"inherit-project-setting","gfx-webgl2":"off"}},"nativeCodeBundleMode":"wasm","polyfills":{"asyncFunctions":false},"experimentalEraseModules":false,"startSceneAssetBundle":false,"bundleConfigs":[],"inlineEnum":true,"useBuiltinServer":false,"md5CacheOptions":{"excludes":[],"includes":[],"replaceOnly":[],"handleTemplateMd5Link":true},"mainBundleIsRemote":false,"mainBundleCompressionType":"merge_dep","useSplashScreen":true,"bundleCommonChunk":false,"packAutoAtlas":true,"startScene":"8290b9a6-02a6-42aa-9bb4-a1783ccebaa8","outputName":"android","taskName":"android","scenes":[{"url":"db://assets/Common/main.scene","uuid":"708ff37f-b8eb-427a-aa1e-be457b98718e","bundle":"db://assets/Common"},{"url":"db://assets/scene/main.scene","uuid":"8290b9a6-02a6-42aa-9bb4-a1783ccebaa8"}],"wasmCompressionMode":false,"binGroupConfig":{"threshold":16,"enable":false},"packages":{"android":{"packageName":"com.gamebox","resizeableActivity":true,"maxAspectRatio":"2.4","orientation":{"portrait":true,"upsideDown":false,"landscapeRight":false,"landscapeLeft":false},"apiLevel":34,"appABIs":["arm64-v8a"],"useDebugKeystore":true,"keystorePath":"","keystorePassword":"","keystoreAlias":"","keystoreAliasPassword":"","appBundle":false,"androidInstant":false,"inputSDK":false,"isSoFileCompressed":true,"remoteUrl":"","sdkPath":"","ndkPath":"","javaHome":"","javaPath":"","renderBackEnd":{"vulkan":false,"gles3":true,"gles2":true},"swappy":false,"__version__":"1.0.1"},"cocos-service":{"configID":"48ed6c","services":[],"__version__":"3.0.9"},"hotfix-builder":{"versionInput":"1.0.0","__version__":"1.0.0"},"native":{"encrypted":false,"xxteaKey":"24bDoiEEJGuaGQMa","compressZip":false,"JobSystem":"none","__version__":"1.0.2"}},"__version__":"1.3.9","logDest":"project://temp/builder/log/android9-7-2026 21-38.log"}
2026-9-7 21:38:32-debug: Build with Cocos Creator 3.8.8
2026-9-7 21:38:32-debug: native:(onBeforeBuild) start..., progress: 0%
2026-9-7 21:38:32-debug: // ---- build task native：onBeforeBuild ----
2026-9-7 21:38:33-debug: // ---- build task native：onBeforeBuild ---- (9ms)
2026-9-7 21:38:33-debug: native:(onBeforeBuild) in 9 ms ✓, progress: 2%
2026-9-7 21:38:33-debug: cocos-service:(onBeforeBuild) start..., progress: 2%
2026-9-7 21:38:33-debug: // ---- build task cocos-service：onBeforeBuild ----
2026-9-7 21:38:33-debug: // ---- build task cocos-service：onBeforeBuild ---- (254ms)
2026-9-7 21:38:33-debug: cocos-service:(onBeforeBuild) in 254 ms ✓, progress: 4%
2026-9-7 21:38:33-debug: scene:(onBeforeBuild) start..., progress: 4%
2026-9-7 21:38:33-debug: // ---- build task scene：onBeforeBuild ----
2026-9-7 21:38:33-debug: // ---- build task scene：onBeforeBuild ---- (18ms)
2026-9-7 21:38:33-log: Asset DB is paused with build!
2026-9-7 21:38:33-debug: Start lock asset db..., progress: 5%
2026-9-7 21:38:33-debug: Query all assets info in project
2026-9-7 21:38:33-debug: scene:(onBeforeBuild) in 18 ms ✓, progress: 5%
2026-9-7 21:38:33-warn: 当前引擎模块配置内有部分模块 gfx-webgl 在当前平台 android 不支持，将会自动移除或者回退成其他模块
2026-9-7 21:38:33-debug: init custom config: keepNodeUuid: false, useCache: true
2026-9-7 21:38:33-debug: native:(onAfterInit) start..., progress: 5%
2026-9-7 21:38:33-debug: // ---- build task native：onAfterInit ----
2026-9-7 21:38:33-debug: Native engine root:/Applications/Cocos/Creator/3.8.8/CocosCreator.app/Contents/Resources/resources/3d/engine/native
2026-9-7 21:38:33-debug: // ---- build task native：onAfterInit ---- (7ms)
2026-9-7 21:38:33-debug: native:(onAfterInit) in 7 ms ✓, progress: 7%
2026-9-7 21:38:33-debug: android:(onAfterInit) start..., progress: 7%
2026-9-7 21:38:33-debug: // ---- build task android：onAfterInit ----
2026-9-7 21:38:33-debug: // ---- build task android：onAfterInit ---- (10ms)
2026-9-7 21:38:33-debug: android:(onAfterInit) in 10 ms ✓, progress: 9%
2026-9-7 21:38:33-debug: cocos-service:(onAfterInit) start..., progress: 9%
2026-9-7 21:38:33-debug: // ---- build task cocos-service：onAfterInit ----
2026-9-7 21:38:33-debug: // ---- build task cocos-service：onAfterInit ---- (244ms)
2026-9-7 21:38:33-debug: adsense-h5g-plugin:(onBeforeBundleInit) start..., progress: 0%
2026-9-7 21:38:33-debug: // ---- build task adsense-h5g-plugin：onBeforeBundleInit ----
2026-9-7 21:38:33-debug: [adsense-h5g-plugin] remove script success
2026-9-7 21:38:33-debug: cocos-service:(onAfterInit) in 244 ms ✓, progress: 11%
2026-9-7 21:38:33-debug: Skip compress image, progress: 0%
2026-9-7 21:38:33-debug: adsense-h5g-plugin:(onBeforeBundleInit) start..., progress: 11%
2026-9-7 21:38:33-debug: // ---- build task adsense-h5g-plugin：onBeforeBundleInit ---- (14ms)
2026-9-7 21:38:33-debug: adsense-h5g-plugin:(onBeforeBundleInit) in 14 ms ✓, progress: 11%
2026-9-7 21:38:33-debug: adsense-h5g-plugin:(onBeforeBundleInit) in 14 ms ✓, progress: 7%
2026-9-7 21:38:33-debug: Init all bundles start..., progress: 11%
2026-9-7 21:38:33-debug: Num of bundles: 5..., progress: 7%
2026-9-7 21:38:33-debug: Init all bundles start..., progress: 7%
2026-9-7 21:38:33-debug: // ---- build task native：onAfterBundleInit ----
2026-9-7 21:38:33-debug: native:(onAfterBundleInit) start..., progress: 11%
2026-9-7 21:38:33-debug: Num of bundles: 5..., progress: 11%
2026-9-7 21:38:33-debug: native:(onAfterBundleInit) start..., progress: 7%
2026-9-7 21:38:33-debug: // ---- build task native：onAfterBundleInit ---- (13ms)
2026-9-7 21:38:33-debug: android:(onAfterBundleInit) start..., progress: 13%
2026-9-7 21:38:33-debug: // ---- build task android：onAfterBundleInit ----
2026-9-7 21:38:33-debug: native:(onAfterBundleInit) in 13 ms ✓, progress: 13%
2026-9-7 21:38:33-debug: native:(onAfterBundleInit) in 13 ms ✓, progress: 11%
2026-9-7 21:38:33-debug: android:(onAfterBundleInit) start..., progress: 11%
2026-9-7 21:38:33-debug: // ---- build task android：onAfterBundleInit ---- (9ms)
2026-9-7 21:38:33-debug: // ---- build task 查询 Asset Bundle ----
2026-9-7 21:38:33-debug: Init bundle root assets start..., progress: 11%
2026-9-7 21:38:33-debug: android:(onAfterBundleInit) in 9 ms ✓, progress: 20%
2026-9-7 21:38:33-debug: android:(onAfterBundleInit) in 9 ms ✓, progress: 11%
2026-9-7 21:38:33-debug: Init bundle root assets start..., progress: 20%
2026-9-7 21:38:33-debug: 查询 Asset Bundle start, progress: 11%
2026-9-7 21:38:33-debug: Query preload assets/scripts from cc.config.json: 60f7195c-ec2a-45eb-ba94-8955f60e81d0,1c02ae6f-4492-4915-b8f8-7492a3b1e4cd,810e96e4-e456-4468-9b59-f4e8f39732c0,efe8e2a3-eace-427b-b4f1-cb8a937ec77d,e9aa9a3e-5b2b-4ac7-a2c7-073de2b2b24f,8bbdbcdd-5cd4-4100-b6d5-b7c9625b6107,50f4348b-c883-4e2f-8f11-ce233b859fa1,fda095cb-831d-4601-ad94-846013963de8,f92806d7-1768-443f-afe8-12bcde84d0f0,dd3a144d-ab7f-41f0-82b8-2e43a090d496,f0416e68-0200-4b77-a926-4f9d16e494da,511d2633-09a7-4bdd-ac42-f778032124b3,5d45aa00-e064-4938-b314-4265f0c2258c,9361fd90-ba52-4f84-aa93-6e878fd576ca,970b0598-bcb0-4714-91fb-2e81440dccd8,bcd64cc6-2dd9-43f6-abbe-66318d332032,d930590d-bb92-4cc8-8bd1-23cd027f9edf,a3cd009f-0ab0-420d-9278-b9fdab939bbc,6a2d0734-bd9e-4ddf-946e-caa52498cb75,c27215d8-6835-4b68-bfbb-bdeac6100c04,b5d6115f-0370-4d7c-aad3-c194cc71cf98,d1346436-ac96-4271-b863-1f4fdead95b0,971bdb23-3ff6-43eb-b422-1c30165a3663,17debcc3-0a6b-4b8a-b00b-dc58b885581e,711ebe11-f673-4cd9-9a83-63c60ba54c5b,c0143906-9aed-447e-9436-2ae8512d1b6e,14da1725-c4c2-42b4-ab08-ee0aeb6898b3,081cab31-dccd-428e-8652-f2404cc81c47,78e0584a-4343-4727-8f37-e14e65c2a2db,ba21476f-2866-4f81-9c4d-6e359316e448,871c3b6c-7379-419d-bda3-794b239ab90d,1d08ef62-a503-4ce2-8b9a-46c90873f7d3,ff9b0199-ce04-4cfe-86cc-6c719f08d6e4,de1c2107-70c8-4021-8459-6399f24d01c6,cbf30902-517f-40dc-af90-a550bac27cf1,5c601d96-e4c7-4698-991b-7ee674b11079
2026-9-7 21:38:33-debug:   Number of all scenes: 2
2026-9-7 21:38:33-debug: Init bundle root assets success..., progress: 11%
2026-9-7 21:38:33-debug: Init bundle root assets success..., progress: 20%
2026-9-7 21:38:33-debug: reload all scripts.
2026-9-7 21:38:33-debug:   Number of other assets: 445
2026-9-7 21:38:33-debug:   Number of all scripts: 27
2026-9-7 21:38:33-debug: [[Executor]] reload before lock
2026-9-7 21:38:33-debug: Set detail map pack:///resolution-detail-map.json: {}
2026-9-7 21:38:33-debug: Unregister DebugViewRuntimeControl
2026-9-7 21:38:33-debug: Unregister HallView
2026-9-7 21:38:33-debug: Unregister GameController
2026-9-7 21:38:33-debug: Unregister Palette
2026-9-7 21:38:33-debug: Unregister BuiltinPipelineSettings
2026-9-7 21:38:33-debug: Invalidating 'pack:///chunks/6d/6d8fd2b0177941b032ddc0733af48a561fb60657.js'
2026-9-7 21:38:33-debug: Invalidating 'pack:///chunks/3a/3af2b99d9d250d0c94e80c615712be1d07b4cf47.js'
2026-9-7 21:38:33-debug: Invalidating 'pack:///chunks/93/93ba276ea7b26ffcdc433fab14afc1ed6f05647b.js'
2026-9-7 21:38:33-debug: Unregister BuiltinPipelinePassBuilder
2026-9-7 21:38:33-debug: Invalidating 'pack:///chunks/4f/4fd3d121a4e148a0cab634e8b8fe61cad0fda6b5.js'
2026-9-7 21:38:33-debug: Invalidating 'pack:///chunks/86/86b8638a66ab4c727e439f4d8cdd7595bd7cb611.js'
2026-9-7 21:38:33-debug: Invalidating 'pack:///chunks/6a/6a5019a719a9014c047e67aa1cf34453ab8392ce.js'
2026-9-7 21:38:33-debug: Invalidating 'pack:///chunks/9c/9c8e4ae02cd522e18faba9e72e8803c8bdb97382.js'
2026-9-7 21:38:33-debug: Invalidating 'pack:///chunks/b2/b266abe6e5c8a004a35569a0ce4a91a645ece924.js'
2026-9-7 21:38:33-debug: Invalidating 'pack:///chunks/13/13619a4d60fbb6416edf8ba7ec0b195f2fcda55a.js'
2026-9-7 21:38:33-debug: Invalidating 'pack:///chunks/5d/5d7e7cd5dab4aa75218e5a0454deda068d6567a6.js'
2026-9-7 21:38:33-debug: Invalidating 'pack:///chunks/5a/5aa4602142647299e494c5279080b21df8b17ba8.js'
2026-9-7 21:38:33-debug: Invalidating 'pack:///chunks/b6/b6b5fe1f5e9baae816da9efb009322b57c804e53.js'
2026-9-7 21:38:33-debug: Invalidating 'pack:///chunks/12/12c65421cc0155055b91675091185216d6546867.js'
2026-9-7 21:38:33-debug: Invalidating 'pack:///chunks/f2/f23104a6f39ea91b7114b2470be34d9e21ffef96.js'
2026-9-7 21:38:33-debug: Invalidating 'pack:///chunks/15/15600ced11babfebae3faaf52d02ae2f4c66e459.js'
2026-9-7 21:38:33-debug: Invalidating 'pack:///chunks/87/87c4b5d58115ee6102b02680ea6b39d34083b342.js'
2026-9-7 21:38:33-debug: Invalidating 'pack:///chunks/b8/b8504ea7cb01149096e396f4d62ef374efb97b90.js'
2026-9-7 21:38:33-debug: Invalidating 'pack:///chunks/74/742e69fbb2c3d11edf92f8bdcc2efeb77bb0c24e.js'
2026-9-7 21:38:33-debug: Invalidating 'pack:///chunks/c7/c7b3f13953cc5ebc12020e37baef585e34bba076.js'
2026-9-7 21:38:33-debug: Invalidating 'pack:///chunks/45/450f4bf87e01483c0555ff8a1a7007d732c76681.js'
2026-9-7 21:38:33-debug: Invalidating 'pack:///chunks/ef/ef617c34bd4c3aae68613b5875ba028fe3c90220.js'
2026-9-7 21:38:33-debug: Invalidating 'pack:///chunks/f8/f86578f64ee8c4ed3cd3b11c152a67b3c63c6191.js'
2026-9-7 21:38:33-debug: Invalidating 'pack:///chunks/01/013a8250e9ddb89132f9af394f27aab6e5b0fcc0.js'
2026-9-7 21:38:33-debug: Invalidating 'pack:///chunks/64/6486c8c6505151c6fbd05c0c4e6b2917973d56fc.js'
2026-9-7 21:38:33-debug: Invalidating 'pack:///chunks/24/24151802ccc33fda32aaaaa5d3f0f252bc70b3a7.js'
2026-9-7 21:38:33-debug: Unregister BuiltinDepthOfFieldPass
2026-9-7 21:38:33-debug: Invalidating 'pack:///chunks/6b/6b59555042a9092ad18f700c6cfe2d9a6b357b3b.js'
2026-9-7 21:38:33-debug: Invalidating 'pack:///chunks/d4/d4a2b776ab5f70113334189e7d040418f0451a53.js'
2026-9-7 21:38:33-debug: [[Executor]] Module "pack:///chunks/93/93ba276ea7b26ffcdc433fab14afc1ed6f05647b.js" loaded.
2026-9-7 21:38:33-debug: Invalidating 'pack:///chunks/24/24a51135d454a918abdb28c02fa0797edd16b93a.js'
2026-9-7 21:38:33-debug: [[Executor]] Module "pack:///chunks/6a/6a5019a719a9014c047e67aa1cf34453ab8392ce.js" loaded.
2026-9-7 21:38:33-debug: [[Executor]] Module "pack:///chunks/13/13619a4d60fbb6416edf8ba7ec0b195f2fcda55a.js" loaded.
2026-9-7 21:38:33-debug: [[Executor]] Module "pack:///chunks/6d/6d8fd2b0177941b032ddc0733af48a561fb60657.js" loaded.
2026-9-7 21:38:33-debug: [[Executor]] Module "pack:///chunks/87/87c4b5d58115ee6102b02680ea6b39d34083b342.js" loaded.
2026-9-7 21:38:33-debug: [[Executor]] Register BuiltinPipelinePassBuilder
2026-9-7 21:38:33-debug: [[Executor]] Module "pack:///chunks/4f/4fd3d121a4e148a0cab634e8b8fe61cad0fda6b5.js" loaded.
2026-9-7 21:38:33-debug: Invalidating 'pack:///chunks/d9/d968a63b1f6a7be732e6a472bedb458e8800a5ed.js'
2026-9-7 21:38:33-debug: [[Executor]] Register BuiltinDepthOfFieldPass
2026-9-7 21:38:33-debug: [[Executor]] Module "pack:///chunks/3a/3af2b99d9d250d0c94e80c615712be1d07b4cf47.js" loaded.
2026-9-7 21:38:33-debug: [[Executor]] Register DebugViewRuntimeControl
2026-9-7 21:38:33-debug: Invalidating 'pack:///chunks/f6/f6298e0677cff2cd4b81597711fdf2f4a9cd6dd0.js'
2026-9-7 21:38:33-debug: [[Executor]] Register BuiltinPipelineSettings
2026-9-7 21:38:33-debug: [[Executor]] Module "pack:///chunks/5a/5aa4602142647299e494c5279080b21df8b17ba8.js" loaded.
2026-9-7 21:38:33-debug: [[Executor]] Module "pack:///chunks/15/15600ced11babfebae3faaf52d02ae2f4c66e459.js" loaded.
2026-9-7 21:38:33-debug: [[Executor]] Module "pack:///chunks/12/12c65421cc0155055b91675091185216d6546867.js" loaded.
2026-9-7 21:38:33-debug: [[Executor]] Module "pack:///chunks/f8/f86578f64ee8c4ed3cd3b11c152a67b3c63c6191.js" loaded.
2026-9-7 21:38:33-debug: [[Executor]] Module "pack:///chunks/b6/b6b5fe1f5e9baae816da9efb009322b57c804e53.js" loaded.
2026-9-7 21:38:33-debug: [[Executor]] Module "pack:///chunks/f2/f23104a6f39ea91b7114b2470be34d9e21ffef96.js" loaded.
2026-9-7 21:38:33-debug: [[Executor]] Module "pack:///chunks/5d/5d7e7cd5dab4aa75218e5a0454deda068d6567a6.js" loaded.
2026-9-7 21:38:33-debug: [[Executor]] Register HallView
2026-9-7 21:38:33-debug: [[Executor]] Module "pack:///chunks/b2/b266abe6e5c8a004a35569a0ce4a91a645ece924.js" loaded.
2026-9-7 21:38:33-debug: [[Executor]] Module "pack:///chunks/74/742e69fbb2c3d11edf92f8bdcc2efeb77bb0c24e.js" loaded.
2026-9-7 21:38:33-debug: [[Executor]] Register GameController
2026-9-7 21:38:33-debug: [[Executor]] Module "pack:///chunks/b8/b8504ea7cb01149096e396f4d62ef374efb97b90.js" loaded.
2026-9-7 21:38:33-debug: [[Executor]] Module "pack:///chunks/c7/c7b3f13953cc5ebc12020e37baef585e34bba076.js" loaded.
2026-9-7 21:38:33-debug: [[Executor]] Module "pack:///chunks/86/86b8638a66ab4c727e439f4d8cdd7595bd7cb611.js" loaded.
2026-9-7 21:38:33-debug: [[Executor]] Module "pack:///chunks/ef/ef617c34bd4c3aae68613b5875ba028fe3c90220.js" loaded.
2026-9-7 21:38:33-debug: [[Executor]] Module "pack:///chunks/24/24a51135d454a918abdb28c02fa0797edd16b93a.js" loaded.
2026-9-7 21:38:33-debug: [[Executor]] Module "pack:///chunks/45/450f4bf87e01483c0555ff8a1a7007d732c76681.js" loaded.
2026-9-7 21:38:33-debug: [[Executor]] Module "pack:///chunks/64/6486c8c6505151c6fbd05c0c4e6b2917973d56fc.js" loaded.
2026-9-7 21:38:33-debug: [[Executor]] Module "pack:///chunks/24/24151802ccc33fda32aaaaa5d3f0f252bc70b3a7.js" loaded.
2026-9-7 21:38:33-debug: [[Executor]] Module "pack:///chunks/f6/f6298e0677cff2cd4b81597711fdf2f4a9cd6dd0.js" loaded.
2026-9-7 21:38:33-debug: [[Executor]] Register Palette
2026-9-7 21:38:33-debug: [[Executor]] Module "pack:///chunks/6b/6b59555042a9092ad18f700c6cfe2d9a6b357b3b.js" loaded.
2026-9-7 21:38:33-debug: [[Executor]] Module "pack:///chunks/d4/d4a2b776ab5f70113334189e7d040418f0451a53.js" loaded.
2026-9-7 21:38:33-debug: [[Executor]] Module "pack:///chunks/9c/9c8e4ae02cd522e18faba9e72e8803c8bdb97382.js" loaded.
2026-9-7 21:38:33-debug: [[Executor]] Module "pack:///chunks/01/013a8250e9ddb89132f9af394f27aab6e5b0fcc0.js" loaded.
2026-9-7 21:38:33-debug: [[Executor]] Module "pack:///chunks/6d/6d8fd2b0177941b032ddc0733af48a561fb60657.js" loaded.
2026-9-7 21:38:33-debug: [[Executor]] Module "pack:///chunks/d9/d968a63b1f6a7be732e6a472bedb458e8800a5ed.js" loaded.
2026-9-7 21:38:33-debug: [[Executor]] after unlock
2026-9-7 21:38:33-debug: Init bundle share assets start..., progress: 20%
2026-9-7 21:38:33-debug: Incremental keys: MainBundle,UIPath,MaxPage,MaxFullPage,MaxPopPage,on,once,trigger,off,clearEvent,getInst,startGame,stopGame,LOG,WARN,ERROR,LogApi,ResetTo,PopTo,SwitchTo,ShowDialog,ShowTip,ShowCommon
2026-9-7 21:38:33-debug: Init bundle share assets start..., progress: 11%
2026-9-7 21:38:33-debug: Init bundle share assets success..., progress: 11%
2026-9-7 21:38:33-debug: Init bundle share assets success..., progress: 20%
2026-9-7 21:38:33-debug: handle json group in bundle internal
2026-9-7 21:38:33-debug: handle json group in bundle Hall
2026-9-7 21:38:33-debug: handle json group in bundle InsectXiaoxiaole
2026-9-7 21:38:33-debug: init image compress task 0 in bundle internal
2026-9-7 21:38:33-debug: handle json group in bundle Common success
2026-9-7 21:38:33-debug: init image compress task 0 in bundle Common
2026-9-7 21:38:33-debug: handle json group in bundle main
2026-9-7 21:38:33-debug: init image compress task 0 in bundle main
2026-9-7 21:38:33-debug: handle json group in bundle Hall success
2026-9-7 21:38:33-debug: init image compress task 0 in bundle Hall
2026-9-7 21:38:33-debug: handle json group in bundle InsectXiaoxiaole success
2026-9-7 21:38:33-debug: init image compress task 0 in bundle InsectXiaoxiaole
2026-9-7 21:38:33-debug: handle json group in bundle Common
2026-9-7 21:38:33-debug: handle json group in bundle internal success
2026-9-7 21:38:33-debug: handle json group in bundle main success
2026-9-7 21:38:33-debug: // ---- build task 查询 Asset Bundle ---- (63ms)
2026-9-7 21:38:33-debug: // ---- build task 查询 Asset Bundle ----
2026-9-7 21:38:33-log: run build task 查询 Asset Bundle success in 63 ms√, progress: 16%
2026-9-7 21:38:33-debug: 查询 Asset Bundle start, progress: 16%
2026-9-7 21:38:33-debug: [Build Memory track]: 查询 Asset Bundle start:233.31MB, end 233.60MB, increase: 304.99KB
2026-9-7 21:38:33-debug: // ---- build task 查询 Asset Bundle ---- (11ms)
2026-9-7 21:38:33-debug: [Build Memory track]: 查询 Asset Bundle start:233.63MB, end 233.83MB, increase: 205.61KB
2026-9-7 21:38:33-debug: native:(onAfterBundleDataTask) start..., progress: 21%
2026-9-7 21:38:33-debug: native:(onAfterBundleDataTask) start..., progress: 20%
2026-9-7 21:38:33-debug: // ---- build task native：onAfterBundleDataTask ----
2026-9-7 21:38:33-log: run build task 查询 Asset Bundle success in 11 ms√, progress: 21%
2026-9-7 21:38:33-debug: // ---- build task native：onAfterBundleDataTask ---- (8ms)
2026-9-7 21:38:33-debug: native:(onAfterBundleDataTask) in 8 ms ✓, progress: 21%
2026-9-7 21:38:33-debug: 打包脚本 start, progress: 21%
2026-9-7 21:38:33-debug: // ---- build task 打包脚本 ----
2026-9-7 21:38:33-debug: native:(onAfterBundleDataTask) in 8 ms ✓, progress: 27%
2026-9-7 21:38:33-log: [buildPolyfillsCommand]enter sub process 15256, 9229, see: chrome://inspect/#devices
2026-9-7 21:38:34-log: [buildPolyfillsCommand]Caught exception during build core-js: WebpackOptionsValidationError: Invalid configuration object. Webpack has been initialised using a configuration object that does not match the API schema. - configuration.entry should be an non-empty array.   -> A non-empty array of non-empty stringsThis may indicates the core-js polyfill is not necessary. See https://github.com/zloirock/core-js/issues/822
2026-9-7 21:38:34-debug: execute-script-end with buildPolyfillsCommand 801ms
2026-9-7 21:38:34-debug: Generate systemJs..., progress: 21%
2026-9-7 21:38:35-debug: execute-script-end with buildSystemJsCommand 895ms
2026-9-7 21:38:35-debug: 构建项目脚本 start..., progress: 21%
2026-9-7 21:38:35-debug: 构建项目脚本 start..., progress: 27%
2026-9-7 21:38:36-log: [buildScriptCommand]Number of non-entry chunks: 5
2026-9-7 21:38:36-debug: execute-script-end with buildScriptCommand 908ms
2026-9-7 21:38:36-debug: Copy externalScripts success!
2026-9-7 21:38:36-debug: 构建项目脚本 in (923 ms) √, progress: 21%
2026-9-7 21:38:36-debug: 构建项目脚本 in (923 ms) √, progress: 27%
2026-9-7 21:38:36-debug: 构建引擎脚本 start..., progress: 21%
2026-9-7 21:38:36-debug: mangleProperties is enabled, found engine-mangle-config.json, use it
2026-9-7 21:38:36-debug: Error: Exit process with code:null, signal:SIGTERM in task build-script    at ChildProcess.<anonymous> (/Applications/Cocos/Creator/3.8.8/CocosCreator.app/Contents/Resources/app.asar/builtin/builder/dist/worker/worker-pools/sub-process-manager.ccc:1:2409)    at ChildProcess.emit (node:events:519:28)    at Process.ChildProcess._handle.onexit (node:internal/child_process:294:12)
2026-9-7 21:38:36-debug: Use cache engine: {link(/var/folders/7t/9_hr0j7913s_fxkzfpcnpfy40000gn/T/CocosCreator/3.8.8/builder/engine/aca153c37e28b7fa48e779789cbe0f57)}
2026-9-7 21:38:36-debug: Use cache, md5String: debug=false,sourceMaps=false,includeModules=["2d","3d","affine-transform","animation","audio","base","custom-pipeline","dragon-bones","graphics","intersection-2d","light-probe","marionette","mask","particle","particle-2d","physics-2d-box2d","physics-ammo","primitive","profiler","rich-text","skeletal-animation","spine-3.8","terrain","tiled-map","tween","ui","ui-skew","video","websocket","webview","custom-pipeline-builtin-scripts"],engineVersion="3.8.8",platformType="ANDROID",split=undefined,nativeCodeBundleMode="wasm",targets="chrome 80",entry="/Applications/Cocos/Creator/3.8.8/CocosCreator.app/Contents/Resources/resources/3d/engine",noDeprecatedFeatures=undefined,loose=true,assetURLFormat=undefined,flags={"DEBUG":false,"LOAD_BULLET_MANUALLY":false,"LOAD_SPINE_MANUALLY":false},preserveType=undefined,wasmCompressionMode=false,enableNamedRegisterForSystemJSModuleFormat=undefined,mangleProperties=false,inlineEnum=true,
2026-9-7 21:38:36-debug: Use cache, options: {  "entry": "/Applications/Cocos/Creator/3.8.8/CocosCreator.app/Contents/Resources/resources/3d/engine",  "debug": false,  "mangleProperties": false,  "inlineEnum": true,  "sourceMaps": false,  "includeModules": [    "2d",    "3d",    "affine-transform",    "animation",    "audio",    "base",    "custom-pipeline",    "dragon-bones",    "graphics",    "intersection-2d",    "light-probe",    "marionette",    "mask",    "particle",    "particle-2d",    "physics-2d-box2d",    "physics-ammo",    "primitive",    "profiler",    "rich-text",    "skeletal-animation",    "spine-3.8",    "terrain",    "tiled-map",    "tween",    "ui",    "ui-skew",    "video",    "websocket",    "webview",    "custom-pipeline-builtin-scripts"  ],  "engineVersion": "3.8.8",  "md5Map": [],  "engineName": "cocos-js",  "output": "/Users/byron/custom-proj/GameBox/build/android/data/src/cocos-js",  "platformType": "ANDROID",  "useCache": true,  "nativeCodeBundleMode": "wasm",  "wasmCompressionMode": false,  "targets": "chrome 80",  "flags": {    "DEBUG": false,    "LOAD_BULLET_MANUALLY": false,    "LOAD_SPINE_MANUALLY": false  }}
2026-9-7 21:38:36-debug: 构建引擎脚本 in (29 ms) √, progress: 21%
2026-9-7 21:38:36-debug: Copy plugin script ..., progress: 21%
2026-9-7 21:38:36-debug: Generate import-map..., progress: 21%
2026-9-7 21:38:36-debug: // ---- build task 打包脚本 ---- (2662ms)
2026-9-7 21:38:36-log: run build task 打包脚本 success in 2 s√, progress: 26%
2026-9-7 21:38:36-debug: [Build Memory track]: 打包脚本 start:234.10MB, end 234.17MB, increase: 66.21KB
2026-9-7 21:38:36-debug: Build bundles..., progress: 26%
2026-9-7 21:38:36-debug: Pack Images start, progress: 26%
2026-9-7 21:38:36-debug: Number of pac assets: 2
2026-9-7 21:38:36-debug: Pack Images start, progress: 27%
2026-9-7 21:38:36-debug: // ---- build task Build Assets ----
2026-9-7 21:38:36-debug: Build Assets start, progress: 26%
2026-9-7 21:38:36-debug: Get Cache info of pac success {asset(4cb4a00e-c1f5-421c-9de0-6736f3172569)}
2026-9-7 21:38:36-debug: start sort bundle in pac4cb4a00e-c1f5-421c-9de0-6736f3172569
2026-9-7 21:38:36-debug: remove spriteAtlas._uuid : {asset(4cb4a00e-c1f5-421c-9de0-6736f3172569)}
2026-9-7 21:38:36-debug: end sort bundle in pac4cb4a00e-c1f5-421c-9de0-6736f3172569
2026-9-7 21:38:36-debug: Number of pack results: 1
2026-9-7 21:38:36-debug: start collect depend assets in pac4cb4a00e-c1f5-421c-9de0-6736f3172569
2026-9-7 21:38:36-debug: Asset {asset(db://assets/Hall/textures/HallView/auto-atlas.pac)} is Bundle
2026-9-7 21:38:36-debug: builder:pack-auto-atlas-image (48ms)
2026-9-7 21:38:36-debug: Compress image start..., progress: 26%
2026-9-7 21:38:36-debug: sort compress task {}
2026-9-7 21:38:36-debug: Pack Images success, progress: 27%
2026-9-7 21:38:36-debug: No image need to compress
2026-9-7 21:38:36-debug: Compress image success..., progress: 26%
2026-9-7 21:38:36-debug: Compress image success..., progress: 27%
2026-9-7 21:38:36-debug: Output asset in bundles start, progress: 26%
2026-9-7 21:38:36-debug: Output asset in bundles start, progress: 27%
2026-9-7 21:38:36-debug: Handle all json groups in bundle internal
2026-9-7 21:38:36-debug: Compress image start..., progress: 27%
2026-9-7 21:38:36-debug: Handle all json groups in bundle main
2026-9-7 21:38:36-debug: handle json group
2026-9-7 21:38:36-debug: Num of all image compress task 0, really: 0, configTasks: 0
2026-9-7 21:38:36-debug: handle json group
2026-9-7 21:38:36-debug: handle single json
2026-9-7 21:38:36-debug: Handle all json groups in bundle Common
2026-9-7 21:38:36-debug: handle json group
2026-9-7 21:38:36-debug: Handle all json groups in bundle InsectXiaoxiaole
2026-9-7 21:38:36-debug: handle json group
2026-9-7 21:38:36-debug: handle json group
2026-9-7 21:38:36-debug: Handle all json groups in bundle Hall
2026-9-7 21:38:36-debug: Pack Images success, progress: 26%
2026-9-7 21:38:36-debug: handle single json
2026-9-7 21:38:36-debug: Json group(0dff29e57) compile success，json number: 6
2026-9-7 21:38:36-debug: handle single json
2026-9-7 21:38:36-debug: Json group(096135cb0) compile success，json number: 6
2026-9-7 21:38:36-debug: Json group(09667c353) compile success，json number: 6
2026-9-7 21:38:36-debug: handle single json
2026-9-7 21:38:36-debug: Json group(07d3aae9f) compile success，json number: 6
2026-9-7 21:38:36-debug: handle single json
2026-9-7 21:38:36-debug: Output asset in bundles success, progress: 26%
2026-9-7 21:38:36-debug: Output asset in bundles success, progress: 27%
2026-9-7 21:38:36-debug: Output asset in bundles start, progress: 26%
2026-9-7 21:38:36-debug: compress config of bundle internal success
2026-9-7 21:38:36-debug: compress config of bundle main success
2026-9-7 21:38:36-debug: compress config of bundle Common...
2026-9-7 21:38:36-debug: compress config of bundle Common success
2026-9-7 21:38:36-debug: compress config of bundle Hall...
2026-9-7 21:38:36-debug: compress config of bundle Hall success
2026-9-7 21:38:36-debug: compress config of bundle InsectXiaoxiaole...
2026-9-7 21:38:36-debug: compress config of bundle InsectXiaoxiaole success
2026-9-7 21:38:36-debug: output config of bundle internal
2026-9-7 21:38:36-debug: output config of bundle internal success
2026-9-7 21:38:36-debug: output config of bundle main
2026-9-7 21:38:36-debug: output config of bundle main success
2026-9-7 21:38:36-debug: output config of bundle Common
2026-9-7 21:38:36-debug: output config of bundle Common success
2026-9-7 21:38:36-debug: output config of bundle Hall
2026-9-7 21:38:36-debug: output config of bundle Hall success
2026-9-7 21:38:36-debug: output config of bundle InsectXiaoxiaole
2026-9-7 21:38:36-debug: compress config of bundle main...
2026-9-7 21:38:36-debug: Output asset in bundles success, progress: 26%
2026-9-7 21:38:36-debug: Output asset in bundles success, progress: 27%
2026-9-7 21:38:36-debug: compress config of bundle internal...
2026-9-7 21:38:36-debug: Output asset in bundles start, progress: 27%
2026-9-7 21:38:36-debug: output config of bundle InsectXiaoxiaole success
2026-9-7 21:38:36-debug: // ---- build task Build Assets ---- (123ms)
2026-9-7 21:38:36-debug: // ---- build task 整理部分构建选项内数据到 settings.json ----
2026-9-7 21:38:36-debug: [Build Memory track]: Build Assets start:234.19MB, end 237.23MB, increase: 3.04MB
2026-9-7 21:38:36-debug: 整理部分构建选项内数据到 settings.json start, progress: 31%
2026-9-7 21:38:36-log: run build task Build Assets success in 123 ms√, progress: 31%
2026-9-7 21:38:36-debug: // ---- build task 整理部分构建选项内数据到 settings.json ---- (13ms)
2026-9-7 21:38:36-debug: // ---- build task 填充脚本数据到 settings.json ----
2026-9-7 21:38:36-debug: [Build Memory track]: 整理部分构建选项内数据到 settings.json start:237.32MB, end 237.42MB, increase: 98.70KB
2026-9-7 21:38:36-debug: 填充脚本数据到 settings.json start, progress: 33%
2026-9-7 21:38:36-log: run build task 整理部分构建选项内数据到 settings.json success in 13 ms√, progress: 33%
2026-9-7 21:38:36-debug: // ---- build task 填充脚本数据到 settings.json ---- (9ms)
2026-9-7 21:38:36-debug: // ---- build task 整理部分构建选项内数据到 settings.json ----
2026-9-7 21:38:36-debug: [Build Memory track]: 填充脚本数据到 settings.json start:237.45MB, end 237.55MB, increase: 102.66KB
2026-9-7 21:38:36-debug: 整理部分构建选项内数据到 settings.json start, progress: 34%
2026-9-7 21:38:36-log: run build task 填充脚本数据到 settings.json success in 9 ms√, progress: 34%
2026-9-7 21:38:36-debug: // ---- build task 整理部分构建选项内数据到 settings.json ---- (14ms)
2026-9-7 21:38:36-debug: // ---- build task cocos-service：onBeforeCompressSettings ----
2026-9-7 21:38:36-debug: [Build Memory track]: 整理部分构建选项内数据到 settings.json start:237.58MB, end 237.81MB, increase: 235.95KB
2026-9-7 21:38:36-debug: cocos-service:(onBeforeCompressSettings) start..., progress: 36%
2026-9-7 21:38:36-log: run build task 整理部分构建选项内数据到 settings.json success in 14 ms√, progress: 36%
2026-9-7 21:38:36-debug: // ---- build task cocos-service：onBeforeCompressSettings ---- (206ms)
2026-9-7 21:38:36-debug: cocos-service:(onBeforeCompressSettings) in 206 ms ✓, progress: 38%
2026-9-7 21:38:36-debug: 整理静态模板文件 start, progress: 38%
2026-9-7 21:38:36-debug: // ---- build task 整理静态模板文件 ----
2026-9-7 21:38:36-debug: // ---- build task 整理静态模板文件 ---- (14ms)
2026-9-7 21:38:36-log: run build task 整理静态模板文件 success in 14 ms√, progress: 43%
2026-9-7 21:38:36-debug: // ---- build task native：onAfterCompressSettings ----
2026-9-7 21:38:36-debug: [Build Memory track]: 整理静态模板文件 start:238.00MB, end 239.65MB, increase: 1.65MB
2026-9-7 21:38:36-debug: native:(onAfterCompressSettings) start..., progress: 43%
2026-9-7 21:38:36-log: Checking template version...
2026-9-7 21:38:36-log: Validating template consistency...
2026-9-7 21:38:36-debug: generateCMakeConfig, {"CC_USE_GLES3":"set(CC_USE_GLES3 ON)","CC_USE_GLES2":"set(CC_USE_GLES2 ON)","USE_SERVER_MODE":"set(USE_SERVER_MODE OFF)","NET_MODE":"set(NET_MODE 0)","XXTEAKEY":"","CC_ENABLE_SWAPPY":"set(CC_ENABLE_SWAPPY OFF)","APP_NAME":"set(APP_NAME \"GameBox\")","COCOS_X_PATH":"set(COCOS_X_PATH \"/Applications/Cocos/Creator/3.8.8/CocosCreator.app/Contents/Resources/resources/3d/engine/native\")","USE_JOB_SYSTEM_TASKFLOW":"set(USE_JOB_SYSTEM_TASKFLOW OFF)","USE_JOB_SYSTEM_TBB":"set(USE_JOB_SYSTEM_TBB OFF)","ENABLE_FLOAT_OUTPUT":"set(ENABLE_FLOAT_OUTPUT OFF)","USE_PHYSICS_PHYSX":"set(USE_PHYSICS_PHYSX OFF)","USE_BOX2D_JSB":"set(USE_BOX2D_JSB OFF)","USE_OCCLUSION_QUERY":"set(USE_OCCLUSION_QUERY OFF)","USE_GEOMETRY_RENDERER":"set(USE_GEOMETRY_RENDERER OFF)","USE_DEBUG_RENDERER":"set(USE_DEBUG_RENDERER OFF)","USE_AUDIO":"set(USE_AUDIO ON)","USE_VIDEO":"set(USE_VIDEO ON)","USE_WEBVIEW":"set(USE_WEBVIEW ON)","USE_SOCKET":"set(USE_SOCKET ON)","USE_WEBSOCKET_SERVER":"set(USE_WEBSOCKET_SERVER OFF)","USE_VENDOR":"set(USE_VENDOR OFF)","USE_SPINE_3_8":"set(USE_SPINE_3_8 ON)","USE_SPINE_4_2":"set(USE_SPINE_4_2 OFF)","USE_DRAGONBONES":"set(USE_DRAGONBONES ON)","CC_USE_VULKAN":"set(CC_USE_VULKAN OFF)","USE_ADPF":"set(USE_ADPF ON)"}
2026-9-7 21:38:36-log: While replace template content, file /Users/byron/custom-proj/GameBox/build/android/proj/main.cpp
2026-9-7 21:38:36-log: While replace template content, file /Users/byron/custom-proj/GameBox/build/android/proj/main.m
2026-9-7 21:38:36-log: While replace template content, file /Users/byron/custom-proj/GameBox/native/engine/android/entry/src/main/config.json
2026-9-7 21:38:36-log: update settings.properties
2026-9-7 21:38:36-log: update gradle.properties
2026-9-7 21:38:36-log: AndroidAPI level 34
2026-9-7 21:38:36-log: android instant not configured
2026-9-7 21:38:36-debug: // ---- build task native：onAfterCompressSettings ---- (18ms)
2026-9-7 21:38:36-debug: native:(onAfterCompressSettings) in 18 ms ✓, progress: 45%
2026-9-7 21:38:36-debug: cocos-service:(onAfterCompressSettings) start..., progress: 45%
2026-9-7 21:38:36-debug: // ---- build task cocos-service：onAfterCompressSettings ----
2026-9-7 21:38:36-debug: // ---- build task cocos-service：onAfterCompressSettings ---- (199ms)
2026-9-7 21:38:36-debug: cocos-service:(onAfterCompressSettings) in 199 ms ✓, progress: 46%
2026-9-7 21:38:36-debug: 给所有的资源加上 MD5 后缀 start, progress: 46%
2026-9-7 21:38:36-debug: // ---- build task 给所有的资源加上 MD5 后缀 ----
2026-9-7 21:38:36-debug: // ---- build task 给所有的资源加上 MD5 后缀 ---- (15ms)
2026-9-7 21:38:36-debug: native:(onAfterBuild) start..., progress: 56%
2026-9-7 21:38:36-debug: [Build Memory track]: 给所有的资源加上 MD5 后缀 start:238.52MB, end 238.62MB, increase: 97.93KB
2026-9-7 21:38:36-debug: // ---- build task native：onAfterBuild ----
2026-9-7 21:38:36-log: run build task 给所有的资源加上 MD5 后缀 success in 15 ms√, progress: 56%
2026-9-7 21:38:36-debug: // ---- build task native：onAfterBuild ---- (11ms)
2026-9-7 21:38:36-debug: // ---- build task cocos-service：onAfterBuild ----
2026-9-7 21:38:36-debug: cocos-service:(onAfterBuild) start..., progress: 58%
2026-9-7 21:38:36-debug: native:(onAfterBuild) in 11 ms ✓, progress: 58%
2026-9-7 21:38:37-debug: // ---- build task cocos-service：onAfterBuild ---- (192ms)
2026-9-7 21:38:37-debug: cocos-service:(onAfterBuild) in 192 ms ✓, progress: 60%
2026-9-7 21:38:37-debug: adsense-h5g-plugin:(onAfterBuild) start..., progress: 60%
2026-9-7 21:38:37-debug: // ---- build task adsense-h5g-plugin：onAfterBuild ----
2026-9-7 21:38:37-debug: // ---- build task adsense-h5g-plugin：onAfterBuild ---- (11ms)
2026-9-7 21:38:37-debug: adsense-h5g-plugin:(onAfterBuild) in 11 ms ✓, progress: 62%
2026-9-7 21:38:37-log: Asset DB is resume!
2026-9-7 21:38:37-debug: builder:build-project-total (4192ms)
2026-9-7 21:38:37-debug: build task(android) in 4192!
2026-9-7 21:38:37-debug: [Build Memory track]: builder:build-project-total start:233.33MB, end 239.54MB, increase: 6.21MB
2026-9-7 21:38:37-debug: ================================ build Task (android) Finished in (4 s)ms ================================
2026-9-7 21:38:37-debug: Stop record console. {file(/Users/byron/custom-proj/GameBox/temp/builder/log/android9-7-2026 21-38.log)}
2026-9-7 21:38:43-debug: refresh db internal success
2026-9-7 21:38:43-debug: refresh db assets success
2026-9-7 21:38:43-debug: Run asset db hook engine-extends:afterRefresh ...
2026-9-7 21:38:43-debug: Run asset db hook engine-extends:afterRefresh success!
2026-9-7 21:38:43-debug: asset-db:refresh-all-database (24ms)
2026-9-7 21:38:43-debug: asset-db:worker-effect-data-processing (1ms)
2026-9-7 21:38:43-debug: asset-db-hook-engine-extends-afterRefresh (1ms)
2026-9-7 21:39:33-debug: refresh db internal success
2026-9-7 21:39:33-debug: refresh db assets success
2026-9-7 21:39:33-debug: Run asset db hook engine-extends:afterRefresh ...
2026-9-7 21:39:33-debug: Run asset db hook engine-extends:afterRefresh success!
2026-9-7 21:39:33-debug: asset-db:refresh-all-database (20ms)
2026-9-7 21:39:33-debug: asset-db:worker-effect-data-processing (1ms)
2026-9-7 21:39:33-debug: asset-db-hook-engine-extends-afterRefresh (1ms)
2026-9-7 21:39:40-debug: Start record console... {file(/Users/byron/custom-proj/GameBox/temp/builder/log/android9-7-2026 21-38.log)}
2026-9-7 21:39:40-debug: =================================== build Task (android) Start ================================
2026-9-7 21:39:40-debug: Start build task, options:{"name":"GameBox","server":"https://ggg","engineModulesConfigKey":"defaultConfig","platform":"android","buildPath":"project://build","debug":false,"buildMode":"normal","mangleProperties":false,"md5Cache":false,"skipCompressTexture":false,"sourceMaps":false,"overwriteProjectSettings":{"macroConfig":{"cleanupImageCache":"inherit-project-setting"},"includeModules":{"physics":"inherit-project-setting","physics-2d":"inherit-project-setting","gfx-webgl2":"off"}},"nativeCodeBundleMode":"wasm","polyfills":{"asyncFunctions":false},"experimentalEraseModules":false,"startSceneAssetBundle":false,"bundleConfigs":[],"inlineEnum":true,"useBuiltinServer":false,"md5CacheOptions":{"excludes":[],"includes":[],"replaceOnly":[],"handleTemplateMd5Link":true},"mainBundleIsRemote":false,"mainBundleCompressionType":"merge_dep","useSplashScreen":true,"bundleCommonChunk":false,"packAutoAtlas":true,"startScene":"8290b9a6-02a6-42aa-9bb4-a1783ccebaa8","outputName":"android","taskName":"android","scenes":[{"url":"db://assets/Common/main.scene","uuid":"708ff37f-b8eb-427a-aa1e-be457b98718e","bundle":"db://assets/Common"},{"url":"db://assets/scene/main.scene","uuid":"8290b9a6-02a6-42aa-9bb4-a1783ccebaa8"}],"wasmCompressionMode":false,"binGroupConfig":{"threshold":16,"enable":false},"packages":{"android":{"packageName":"com.gamebox","resizeableActivity":true,"maxAspectRatio":"2.4","orientation":{"portrait":true,"upsideDown":false,"landscapeRight":false,"landscapeLeft":false},"apiLevel":34,"appABIs":["arm64-v8a"],"useDebugKeystore":true,"keystorePath":"","keystorePassword":"","keystoreAlias":"","keystoreAliasPassword":"","appBundle":false,"androidInstant":false,"inputSDK":false,"isSoFileCompressed":true,"remoteUrl":"","sdkPath":"","ndkPath":"","javaHome":"","javaPath":"","renderBackEnd":{"vulkan":false,"gles3":true,"gles2":true},"swappy":false,"__version__":"1.0.1"},"cocos-service":{"configID":"48ed6c","services":[],"__version__":"3.0.9"},"hotfix-builder":{"versionInput":"1.0.0","__version__":"1.0.0"},"native":{"encrypted":false,"xxteaKey":"24bDoiEEJGuaGQMa","compressZip":false,"JobSystem":"none","__version__":"1.0.2"}},"__version__":"1.3.9","logDest":"project://temp/builder/log/android9-7-2026 21-38.log"}
2026-9-7 21:39:40-debug: Build with Cocos Creator 3.8.8
2026-9-7 21:39:40-debug: native:(onBeforeBuild) start..., progress: 0%
2026-9-7 21:39:40-debug: // ---- build task native：onBeforeBuild ----
2026-9-7 21:39:40-debug: // ---- build task native：onBeforeBuild ---- (9ms)
2026-9-7 21:39:40-debug: native:(onBeforeBuild) in 9 ms ✓, progress: 2%
2026-9-7 21:39:40-debug: cocos-service:(onBeforeBuild) start..., progress: 2%
2026-9-7 21:39:40-debug: // ---- build task cocos-service：onBeforeBuild ----
2026-9-7 21:39:40-debug: // ---- build task cocos-service：onBeforeBuild ---- (261ms)
2026-9-7 21:39:40-debug: cocos-service:(onBeforeBuild) in 261 ms ✓, progress: 4%
2026-9-7 21:39:40-debug: scene:(onBeforeBuild) start..., progress: 4%
2026-9-7 21:39:40-debug: // ---- build task scene：onBeforeBuild ----
2026-9-7 21:39:40-debug: // ---- build task scene：onBeforeBuild ---- (10ms)
2026-9-7 21:39:40-log: Asset DB is paused with build!
2026-9-7 21:39:40-debug: Start lock asset db..., progress: 5%
2026-9-7 21:39:40-debug: Query all assets info in project
2026-9-7 21:39:40-debug: scene:(onBeforeBuild) in 10 ms ✓, progress: 5%
2026-9-7 21:39:40-warn: 当前引擎模块配置内有部分模块 gfx-webgl 在当前平台 android 不支持，将会自动移除或者回退成其他模块
2026-9-7 21:39:40-debug: init custom config: keepNodeUuid: false, useCache: true
2026-9-7 21:39:40-debug: native:(onAfterInit) start..., progress: 5%
2026-9-7 21:39:40-debug: // ---- build task native：onAfterInit ----
2026-9-7 21:39:40-debug: Native engine root:/Applications/Cocos/Creator/3.8.8/CocosCreator.app/Contents/Resources/resources/3d/engine/native
2026-9-7 21:39:40-debug: // ---- build task native：onAfterInit ---- (8ms)
2026-9-7 21:39:40-debug: android:(onAfterInit) start..., progress: 7%
2026-9-7 21:39:40-debug: native:(onAfterInit) in 8 ms ✓, progress: 7%
2026-9-7 21:39:40-debug: // ---- build task android：onAfterInit ----
2026-9-7 21:39:40-debug: // ---- build task android：onAfterInit ---- (10ms)
2026-9-7 21:39:40-debug: android:(onAfterInit) in 10 ms ✓, progress: 9%
2026-9-7 21:39:40-debug: cocos-service:(onAfterInit) start..., progress: 9%
2026-9-7 21:39:40-debug: // ---- build task cocos-service：onAfterInit ----
2026-9-7 21:39:40-debug: // ---- build task cocos-service：onAfterInit ---- (243ms)
2026-9-7 21:39:40-debug: adsense-h5g-plugin:(onBeforeBundleInit) start..., progress: 0%
2026-9-7 21:39:40-debug: // ---- build task adsense-h5g-plugin：onBeforeBundleInit ----
2026-9-7 21:39:40-debug: [adsense-h5g-plugin] remove script success
2026-9-7 21:39:40-debug: cocos-service:(onAfterInit) in 243 ms ✓, progress: 11%
2026-9-7 21:39:40-debug: Skip compress image, progress: 0%
2026-9-7 21:39:40-debug: adsense-h5g-plugin:(onBeforeBundleInit) start..., progress: 11%
2026-9-7 21:39:40-debug: // ---- build task adsense-h5g-plugin：onBeforeBundleInit ---- (8ms)
2026-9-7 21:39:40-debug: adsense-h5g-plugin:(onBeforeBundleInit) in 8 ms ✓, progress: 11%
2026-9-7 21:39:40-debug: adsense-h5g-plugin:(onBeforeBundleInit) in 8 ms ✓, progress: 7%
2026-9-7 21:39:40-debug: Init all bundles start..., progress: 11%
2026-9-7 21:39:40-debug: native:(onAfterBundleInit) start..., progress: 11%
2026-9-7 21:39:40-debug: native:(onAfterBundleInit) start..., progress: 7%
2026-9-7 21:39:40-debug: // ---- build task native：onAfterBundleInit ----
2026-9-7 21:39:40-debug: Init all bundles start..., progress: 7%
2026-9-7 21:39:40-debug: Num of bundles: 5..., progress: 7%
2026-9-7 21:39:40-debug: Num of bundles: 5..., progress: 11%
2026-9-7 21:39:40-debug: // ---- build task native：onAfterBundleInit ---- (11ms)
2026-9-7 21:39:40-debug: android:(onAfterBundleInit) start..., progress: 13%
2026-9-7 21:39:40-debug: // ---- build task android：onAfterBundleInit ----
2026-9-7 21:39:40-debug: android:(onAfterBundleInit) start..., progress: 11%
2026-9-7 21:39:40-debug: native:(onAfterBundleInit) in 11 ms ✓, progress: 11%
2026-9-7 21:39:40-debug: native:(onAfterBundleInit) in 11 ms ✓, progress: 13%
2026-9-7 21:39:40-debug: // ---- build task android：onAfterBundleInit ---- (7ms)
2026-9-7 21:39:40-debug: // ---- build task 查询 Asset Bundle ----
2026-9-7 21:39:40-debug: Init bundle root assets start..., progress: 11%
2026-9-7 21:39:40-debug: Init bundle root assets start..., progress: 20%
2026-9-7 21:39:40-debug: 查询 Asset Bundle start, progress: 11%
2026-9-7 21:39:40-debug: android:(onAfterBundleInit) in 7 ms ✓, progress: 11%
2026-9-7 21:39:40-debug: android:(onAfterBundleInit) in 7 ms ✓, progress: 20%
2026-9-7 21:39:41-debug: Query preload assets/scripts from cc.config.json: 60f7195c-ec2a-45eb-ba94-8955f60e81d0,1c02ae6f-4492-4915-b8f8-7492a3b1e4cd,810e96e4-e456-4468-9b59-f4e8f39732c0,efe8e2a3-eace-427b-b4f1-cb8a937ec77d,e9aa9a3e-5b2b-4ac7-a2c7-073de2b2b24f,8bbdbcdd-5cd4-4100-b6d5-b7c9625b6107,50f4348b-c883-4e2f-8f11-ce233b859fa1,fda095cb-831d-4601-ad94-846013963de8,f92806d7-1768-443f-afe8-12bcde84d0f0,dd3a144d-ab7f-41f0-82b8-2e43a090d496,f0416e68-0200-4b77-a926-4f9d16e494da,511d2633-09a7-4bdd-ac42-f778032124b3,5d45aa00-e064-4938-b314-4265f0c2258c,9361fd90-ba52-4f84-aa93-6e878fd576ca,970b0598-bcb0-4714-91fb-2e81440dccd8,bcd64cc6-2dd9-43f6-abbe-66318d332032,d930590d-bb92-4cc8-8bd1-23cd027f9edf,a3cd009f-0ab0-420d-9278-b9fdab939bbc,6a2d0734-bd9e-4ddf-946e-caa52498cb75,c27215d8-6835-4b68-bfbb-bdeac6100c04,b5d6115f-0370-4d7c-aad3-c194cc71cf98,d1346436-ac96-4271-b863-1f4fdead95b0,971bdb23-3ff6-43eb-b422-1c30165a3663,17debcc3-0a6b-4b8a-b00b-dc58b885581e,711ebe11-f673-4cd9-9a83-63c60ba54c5b,c0143906-9aed-447e-9436-2ae8512d1b6e,14da1725-c4c2-42b4-ab08-ee0aeb6898b3,081cab31-dccd-428e-8652-f2404cc81c47,78e0584a-4343-4727-8f37-e14e65c2a2db,ba21476f-2866-4f81-9c4d-6e359316e448,871c3b6c-7379-419d-bda3-794b239ab90d,1d08ef62-a503-4ce2-8b9a-46c90873f7d3,ff9b0199-ce04-4cfe-86cc-6c719f08d6e4,de1c2107-70c8-4021-8459-6399f24d01c6,cbf30902-517f-40dc-af90-a550bac27cf1,5c601d96-e4c7-4698-991b-7ee674b11079
2026-9-7 21:39:41-debug: Init bundle root assets success..., progress: 11%
2026-9-7 21:39:41-debug: Init bundle root assets success..., progress: 20%
2026-9-7 21:39:41-debug: reload all scripts.
2026-9-7 21:39:41-debug:   Number of all scenes: 2
2026-9-7 21:39:41-debug:   Number of all scripts: 27
2026-9-7 21:39:41-debug:   Number of other assets: 445
2026-9-7 21:39:41-debug: [[Executor]] reload before lock
2026-9-7 21:39:41-debug: Set detail map pack:///resolution-detail-map.json: {}
2026-9-7 21:39:41-debug: Unregister BuiltinDepthOfFieldPass
2026-9-7 21:39:41-debug: Unregister DebugViewRuntimeControl
2026-9-7 21:39:41-debug: Unregister HallView
2026-9-7 21:39:41-debug: Unregister GameController
2026-9-7 21:39:41-debug: Unregister Palette
2026-9-7 21:39:41-debug: Invalidating 'pack:///chunks/93/93ba276ea7b26ffcdc433fab14afc1ed6f05647b.js'
2026-9-7 21:39:41-debug: Unregister BuiltinPipelinePassBuilder
2026-9-7 21:39:41-debug: Invalidating 'pack:///chunks/6a/6a5019a719a9014c047e67aa1cf34453ab8392ce.js'
2026-9-7 21:39:41-debug: Invalidating 'pack:///chunks/87/87c4b5d58115ee6102b02680ea6b39d34083b342.js'
2026-9-7 21:39:41-debug: Unregister BuiltinPipelineSettings
2026-9-7 21:39:41-debug: Invalidating 'pack:///chunks/86/86b8638a66ab4c727e439f4d8cdd7595bd7cb611.js'
2026-9-7 21:39:41-debug: Invalidating 'pack:///chunks/13/13619a4d60fbb6416edf8ba7ec0b195f2fcda55a.js'
2026-9-7 21:39:41-debug: Invalidating 'pack:///chunks/4f/4fd3d121a4e148a0cab634e8b8fe61cad0fda6b5.js'
2026-9-7 21:39:41-debug: Invalidating 'pack:///chunks/b2/b266abe6e5c8a004a35569a0ce4a91a645ece924.js'
2026-9-7 21:39:41-debug: Invalidating 'pack:///chunks/24/24a51135d454a918abdb28c02fa0797edd16b93a.js'
2026-9-7 21:39:41-debug: Invalidating 'pack:///chunks/5d/5d7e7cd5dab4aa75218e5a0454deda068d6567a6.js'
2026-9-7 21:39:41-debug: Invalidating 'pack:///chunks/5a/5aa4602142647299e494c5279080b21df8b17ba8.js'
2026-9-7 21:39:41-debug: Invalidating 'pack:///chunks/b6/b6b5fe1f5e9baae816da9efb009322b57c804e53.js'
2026-9-7 21:39:41-debug: Invalidating 'pack:///chunks/12/12c65421cc0155055b91675091185216d6546867.js'
2026-9-7 21:39:41-debug: Invalidating 'pack:///chunks/6d/6d8fd2b0177941b032ddc0733af48a561fb60657.js'
2026-9-7 21:39:41-debug: Invalidating 'pack:///chunks/15/15600ced11babfebae3faaf52d02ae2f4c66e459.js'
2026-9-7 21:39:41-debug: Invalidating 'pack:///chunks/f8/f86578f64ee8c4ed3cd3b11c152a67b3c63c6191.js'
2026-9-7 21:39:41-debug: Invalidating 'pack:///chunks/f2/f23104a6f39ea91b7114b2470be34d9e21ffef96.js'
2026-9-7 21:39:41-debug: Invalidating 'pack:///chunks/74/742e69fbb2c3d11edf92f8bdcc2efeb77bb0c24e.js'
2026-9-7 21:39:41-debug: Invalidating 'pack:///chunks/9c/9c8e4ae02cd522e18faba9e72e8803c8bdb97382.js'
2026-9-7 21:39:41-debug: Invalidating 'pack:///chunks/45/450f4bf87e01483c0555ff8a1a7007d732c76681.js'
2026-9-7 21:39:41-debug: Invalidating 'pack:///chunks/3a/3af2b99d9d250d0c94e80c615712be1d07b4cf47.js'
2026-9-7 21:39:41-debug: Invalidating 'pack:///chunks/d9/d968a63b1f6a7be732e6a472bedb458e8800a5ed.js'
2026-9-7 21:39:41-debug: Invalidating 'pack:///chunks/b8/b8504ea7cb01149096e396f4d62ef374efb97b90.js'
2026-9-7 21:39:41-debug: Invalidating 'pack:///chunks/64/6486c8c6505151c6fbd05c0c4e6b2917973d56fc.js'
2026-9-7 21:39:41-debug: Invalidating 'pack:///chunks/c7/c7b3f13953cc5ebc12020e37baef585e34bba076.js'
2026-9-7 21:39:41-debug: Invalidating 'pack:///chunks/f6/f6298e0677cff2cd4b81597711fdf2f4a9cd6dd0.js'
2026-9-7 21:39:41-debug: Invalidating 'pack:///chunks/6b/6b59555042a9092ad18f700c6cfe2d9a6b357b3b.js'
2026-9-7 21:39:41-debug: Invalidating 'pack:///chunks/d4/d4a2b776ab5f70113334189e7d040418f0451a53.js'
2026-9-7 21:39:41-debug: Invalidating 'pack:///chunks/01/013a8250e9ddb89132f9af394f27aab6e5b0fcc0.js'
2026-9-7 21:39:41-debug: [[Executor]] Module "pack:///chunks/6d/6d8fd2b0177941b032ddc0733af48a561fb60657.js" loaded.
2026-9-7 21:39:41-debug: Invalidating 'pack:///chunks/24/24151802ccc33fda32aaaaa5d3f0f252bc70b3a7.js'
2026-9-7 21:39:41-debug: [[Executor]] Module "pack:///chunks/13/13619a4d60fbb6416edf8ba7ec0b195f2fcda55a.js" loaded.
2026-9-7 21:39:41-debug: [[Executor]] Register BuiltinPipelineSettings
2026-9-7 21:39:41-debug: [[Executor]] Module "pack:///chunks/6a/6a5019a719a9014c047e67aa1cf34453ab8392ce.js" loaded.
2026-9-7 21:39:41-debug: [[Executor]] Register BuiltinPipelinePassBuilder
2026-9-7 21:39:41-debug: [[Executor]] Module "pack:///chunks/4f/4fd3d121a4e148a0cab634e8b8fe61cad0fda6b5.js" loaded.
2026-9-7 21:39:41-debug: [[Executor]] Module "pack:///chunks/86/86b8638a66ab4c727e439f4d8cdd7595bd7cb611.js" loaded.
2026-9-7 21:39:41-debug: [[Executor]] Register BuiltinDepthOfFieldPass
2026-9-7 21:39:41-debug: [[Executor]] Module "pack:///chunks/3a/3af2b99d9d250d0c94e80c615712be1d07b4cf47.js" loaded.
2026-9-7 21:39:41-debug: [[Executor]] Register DebugViewRuntimeControl
2026-9-7 21:39:41-debug: [[Executor]] Module "pack:///chunks/9c/9c8e4ae02cd522e18faba9e72e8803c8bdb97382.js" loaded.
2026-9-7 21:39:41-debug: Invalidating 'pack:///chunks/ef/ef617c34bd4c3aae68613b5875ba028fe3c90220.js'
2026-9-7 21:39:41-debug: [[Executor]] Module "pack:///chunks/5a/5aa4602142647299e494c5279080b21df8b17ba8.js" loaded.
2026-9-7 21:39:41-debug: [[Executor]] Module "pack:///chunks/15/15600ced11babfebae3faaf52d02ae2f4c66e459.js" loaded.
2026-9-7 21:39:41-debug: [[Executor]] Module "pack:///chunks/93/93ba276ea7b26ffcdc433fab14afc1ed6f05647b.js" loaded.
2026-9-7 21:39:41-debug: [[Executor]] Module "pack:///chunks/f8/f86578f64ee8c4ed3cd3b11c152a67b3c63c6191.js" loaded.
2026-9-7 21:39:41-debug: [[Executor]] Module "pack:///chunks/f2/f23104a6f39ea91b7114b2470be34d9e21ffef96.js" loaded.
2026-9-7 21:39:41-debug: [[Executor]] Module "pack:///chunks/24/24a51135d454a918abdb28c02fa0797edd16b93a.js" loaded.
2026-9-7 21:39:41-debug: [[Executor]] Module "pack:///chunks/5d/5d7e7cd5dab4aa75218e5a0454deda068d6567a6.js" loaded.
2026-9-7 21:39:41-debug: [[Executor]] Register HallView
2026-9-7 21:39:41-debug: [[Executor]] Module "pack:///chunks/b2/b266abe6e5c8a004a35569a0ce4a91a645ece924.js" loaded.
2026-9-7 21:39:41-debug: [[Executor]] Module "pack:///chunks/87/87c4b5d58115ee6102b02680ea6b39d34083b342.js" loaded.
2026-9-7 21:39:41-debug: [[Executor]] Register GameController
2026-9-7 21:39:41-debug: [[Executor]] Module "pack:///chunks/b8/b8504ea7cb01149096e396f4d62ef374efb97b90.js" loaded.
2026-9-7 21:39:41-debug: [[Executor]] Module "pack:///chunks/c7/c7b3f13953cc5ebc12020e37baef585e34bba076.js" loaded.
2026-9-7 21:39:41-debug: [[Executor]] Module "pack:///chunks/01/013a8250e9ddb89132f9af394f27aab6e5b0fcc0.js" loaded.
2026-9-7 21:39:41-debug: [[Executor]] Module "pack:///chunks/ef/ef617c34bd4c3aae68613b5875ba028fe3c90220.js" loaded.
2026-9-7 21:39:41-debug: [[Executor]] Module "pack:///chunks/d9/d968a63b1f6a7be732e6a472bedb458e8800a5ed.js" loaded.
2026-9-7 21:39:41-debug: [[Executor]] Module "pack:///chunks/b6/b6b5fe1f5e9baae816da9efb009322b57c804e53.js" loaded.
2026-9-7 21:39:41-debug: [[Executor]] Module "pack:///chunks/12/12c65421cc0155055b91675091185216d6546867.js" loaded.
2026-9-7 21:39:41-debug: [[Executor]] Module "pack:///chunks/24/24151802ccc33fda32aaaaa5d3f0f252bc70b3a7.js" loaded.
2026-9-7 21:39:41-debug: [[Executor]] Module "pack:///chunks/f6/f6298e0677cff2cd4b81597711fdf2f4a9cd6dd0.js" loaded.
2026-9-7 21:39:41-debug: [[Executor]] Module "pack:///chunks/64/6486c8c6505151c6fbd05c0c4e6b2917973d56fc.js" loaded.
2026-9-7 21:39:41-debug: [[Executor]] Module "pack:///chunks/6b/6b59555042a9092ad18f700c6cfe2d9a6b357b3b.js" loaded.
2026-9-7 21:39:41-debug: [[Executor]] Module "pack:///chunks/d4/d4a2b776ab5f70113334189e7d040418f0451a53.js" loaded.
2026-9-7 21:39:41-debug: [[Executor]] Module "pack:///chunks/6d/6d8fd2b0177941b032ddc0733af48a561fb60657.js" loaded.
2026-9-7 21:39:41-debug: [[Executor]] Module "pack:///chunks/74/742e69fbb2c3d11edf92f8bdcc2efeb77bb0c24e.js" loaded.
2026-9-7 21:39:41-debug: [[Executor]] Module "pack:///chunks/45/450f4bf87e01483c0555ff8a1a7007d732c76681.js" loaded.
2026-9-7 21:39:41-debug: [[Executor]] Register Palette
2026-9-7 21:39:41-debug: [[Executor]] after unlock
2026-9-7 21:39:41-debug: Init bundle share assets start..., progress: 11%
2026-9-7 21:39:41-debug: Incremental keys: MainBundle,UIPath,MaxPage,MaxFullPage,MaxPopPage,on,once,trigger,off,clearEvent,getInst,startGame,stopGame,LOG,WARN,ERROR,LogApi,ResetTo,PopTo,SwitchTo,ShowDialog,ShowTip,ShowCommon
2026-9-7 21:39:41-debug: Init bundle share assets start..., progress: 20%
2026-9-7 21:39:41-debug: Init bundle share assets success..., progress: 11%
2026-9-7 21:39:41-debug: Init bundle share assets success..., progress: 20%
2026-9-7 21:39:41-debug: handle json group in bundle internal
2026-9-7 21:39:41-debug: handle json group in bundle Hall
2026-9-7 21:39:41-debug: handle json group in bundle InsectXiaoxiaole
2026-9-7 21:39:41-debug: init image compress task 0 in bundle internal
2026-9-7 21:39:41-debug: handle json group in bundle Common
2026-9-7 21:39:41-debug: init image compress task 0 in bundle Common
2026-9-7 21:39:41-debug: handle json group in bundle main success
2026-9-7 21:39:41-debug: init image compress task 0 in bundle main
2026-9-7 21:39:41-debug: handle json group in bundle Hall success
2026-9-7 21:39:41-debug: handle json group in bundle internal success
2026-9-7 21:39:41-debug: handle json group in bundle InsectXiaoxiaole success
2026-9-7 21:39:41-debug: init image compress task 0 in bundle InsectXiaoxiaole
2026-9-7 21:39:41-debug: init image compress task 0 in bundle Hall
2026-9-7 21:39:41-debug: handle json group in bundle Common success
2026-9-7 21:39:41-debug: handle json group in bundle main
2026-9-7 21:39:41-debug: // ---- build task 查询 Asset Bundle ---- (54ms)
2026-9-7 21:39:41-debug: // ---- build task 查询 Asset Bundle ----
2026-9-7 21:39:41-log: run build task 查询 Asset Bundle success in 54 ms√, progress: 16%
2026-9-7 21:39:41-debug: 查询 Asset Bundle start, progress: 16%
2026-9-7 21:39:41-debug: [Build Memory track]: 查询 Asset Bundle start:240.84MB, end 240.96MB, increase: 120.42KB
2026-9-7 21:39:41-debug: // ---- build task 查询 Asset Bundle ---- (11ms)
2026-9-7 21:39:41-debug: native:(onAfterBundleDataTask) start..., progress: 20%
2026-9-7 21:39:41-debug: // ---- build task native：onAfterBundleDataTask ----
2026-9-7 21:39:41-debug: native:(onAfterBundleDataTask) start..., progress: 21%
2026-9-7 21:39:41-log: run build task 查询 Asset Bundle success in 11 ms√, progress: 21%
2026-9-7 21:39:41-debug: [Build Memory track]: 查询 Asset Bundle start:240.99MB, end 241.19MB, increase: 204.91KB
2026-9-7 21:39:41-debug: // ---- build task native：onAfterBundleDataTask ---- (6ms)
2026-9-7 21:39:41-debug: native:(onAfterBundleDataTask) in 6 ms ✓, progress: 21%
2026-9-7 21:39:41-debug: native:(onAfterBundleDataTask) in 6 ms ✓, progress: 27%
2026-9-7 21:39:41-debug: 打包脚本 start, progress: 21%
2026-9-7 21:39:41-debug: // ---- build task 打包脚本 ----
2026-9-7 21:39:41-log: [buildPolyfillsCommand]enter sub process 15413, 9229, see: chrome://inspect/#devices
2026-9-7 21:39:41-log: [buildPolyfillsCommand]Caught exception during build core-js: WebpackOptionsValidationError: Invalid configuration object. Webpack has been initialised using a configuration object that does not match the API schema. - configuration.entry should be an non-empty array.   -> A non-empty array of non-empty stringsThis may indicates the core-js polyfill is not necessary. See https://github.com/zloirock/core-js/issues/822
2026-9-7 21:39:41-debug: execute-script-end with buildPolyfillsCommand 730ms
2026-9-7 21:39:41-debug: Generate systemJs..., progress: 21%
2026-9-7 21:39:42-debug: execute-script-end with buildSystemJsCommand 831ms
2026-9-7 21:39:42-debug: 构建项目脚本 start..., progress: 27%
2026-9-7 21:39:42-debug: 构建项目脚本 start..., progress: 21%
2026-9-7 21:39:43-log: [buildScriptCommand]Number of non-entry chunks: 5
2026-9-7 21:39:43-debug: execute-script-end with buildScriptCommand 902ms
2026-9-7 21:39:43-debug: Copy externalScripts success!
2026-9-7 21:39:43-debug: 构建项目脚本 in (920 ms) √, progress: 21%
2026-9-7 21:39:43-debug: 构建项目脚本 in (920 ms) √, progress: 27%
2026-9-7 21:39:43-debug: 构建引擎脚本 start..., progress: 21%
2026-9-7 21:39:43-debug: mangleProperties is enabled, found engine-mangle-config.json, use it
2026-9-7 21:39:43-debug: Error: Exit process with code:null, signal:SIGTERM in task build-script    at ChildProcess.<anonymous> (/Applications/Cocos/Creator/3.8.8/CocosCreator.app/Contents/Resources/app.asar/builtin/builder/dist/worker/worker-pools/sub-process-manager.ccc:1:2409)    at ChildProcess.emit (node:events:519:28)    at Process.ChildProcess._handle.onexit (node:internal/child_process:294:12)
2026-9-7 21:39:43-debug: Use cache engine: {link(/var/folders/7t/9_hr0j7913s_fxkzfpcnpfy40000gn/T/CocosCreator/3.8.8/builder/engine/aca153c37e28b7fa48e779789cbe0f57)}
2026-9-7 21:39:43-debug: Use cache, md5String: debug=false,sourceMaps=false,includeModules=["2d","3d","affine-transform","animation","audio","base","custom-pipeline","dragon-bones","graphics","intersection-2d","light-probe","marionette","mask","particle","particle-2d","physics-2d-box2d","physics-ammo","primitive","profiler","rich-text","skeletal-animation","spine-3.8","terrain","tiled-map","tween","ui","ui-skew","video","websocket","webview","custom-pipeline-builtin-scripts"],engineVersion="3.8.8",platformType="ANDROID",split=undefined,nativeCodeBundleMode="wasm",targets="chrome 80",entry="/Applications/Cocos/Creator/3.8.8/CocosCreator.app/Contents/Resources/resources/3d/engine",noDeprecatedFeatures=undefined,loose=true,assetURLFormat=undefined,flags={"DEBUG":false,"LOAD_BULLET_MANUALLY":false,"LOAD_SPINE_MANUALLY":false},preserveType=undefined,wasmCompressionMode=false,enableNamedRegisterForSystemJSModuleFormat=undefined,mangleProperties=false,inlineEnum=true,
2026-9-7 21:39:43-debug: Use cache, options: {  "entry": "/Applications/Cocos/Creator/3.8.8/CocosCreator.app/Contents/Resources/resources/3d/engine",  "debug": false,  "mangleProperties": false,  "inlineEnum": true,  "sourceMaps": false,  "includeModules": [    "2d",    "3d",    "affine-transform",    "animation",    "audio",    "base",    "custom-pipeline",    "dragon-bones",    "graphics",    "intersection-2d",    "light-probe",    "marionette",    "mask",    "particle",    "particle-2d",    "physics-2d-box2d",    "physics-ammo",    "primitive",    "profiler",    "rich-text",    "skeletal-animation",    "spine-3.8",    "terrain",    "tiled-map",    "tween",    "ui",    "ui-skew",    "video",    "websocket",    "webview",    "custom-pipeline-builtin-scripts"  ],  "engineVersion": "3.8.8",  "md5Map": [],  "engineName": "cocos-js",  "output": "/Users/byron/custom-proj/GameBox/build/android/data/src/cocos-js",  "platformType": "ANDROID",  "useCache": true,  "nativeCodeBundleMode": "wasm",  "wasmCompressionMode": false,  "targets": "chrome 80",  "flags": {    "DEBUG": false,    "LOAD_BULLET_MANUALLY": false,    "LOAD_SPINE_MANUALLY": false  }}
2026-9-7 21:39:43-debug: 构建引擎脚本 in (27 ms) √, progress: 21%
2026-9-7 21:39:43-debug: Copy plugin script ..., progress: 21%
2026-9-7 21:39:43-debug: Generate import-map..., progress: 21%
2026-9-7 21:39:43-debug: // ---- build task 打包脚本 ---- (2518ms)
2026-9-7 21:39:43-log: run build task 打包脚本 success in 2 s√, progress: 26%
2026-9-7 21:39:43-debug: [Build Memory track]: 打包脚本 start:242.02MB, end 241.28MB, increase: -755.15KB
2026-9-7 21:39:43-debug: Pack Images start, progress: 26%
2026-9-7 21:39:43-debug: Pack Images start, progress: 27%
2026-9-7 21:39:43-debug: Number of pac assets: 2
2026-9-7 21:39:43-debug: Build Assets start, progress: 26%
2026-9-7 21:39:43-debug: Build bundles..., progress: 26%
2026-9-7 21:39:43-debug: // ---- build task Build Assets ----
2026-9-7 21:39:43-debug: Get Cache info of pac success {asset(4cb4a00e-c1f5-421c-9de0-6736f3172569)}
2026-9-7 21:39:43-debug: Asset {asset(db://assets/Hall/textures/HallView/auto-atlas.pac)} is Bundle
2026-9-7 21:39:43-debug: remove spriteAtlas._uuid : {asset(4cb4a00e-c1f5-421c-9de0-6736f3172569)}
2026-9-7 21:39:43-debug: end sort bundle in pac4cb4a00e-c1f5-421c-9de0-6736f3172569
2026-9-7 21:39:43-debug: Number of pack results: 1
2026-9-7 21:39:43-debug: start collect depend assets in pac4cb4a00e-c1f5-421c-9de0-6736f3172569
2026-9-7 21:39:43-debug: start sort bundle in pac4cb4a00e-c1f5-421c-9de0-6736f3172569
2026-9-7 21:39:43-debug: builder:pack-auto-atlas-image (42ms)
2026-9-7 21:39:43-debug: Compress image start..., progress: 26%
2026-9-7 21:39:43-debug: sort compress task {}
2026-9-7 21:39:43-debug: Num of all image compress task 0, really: 0, configTasks: 0
2026-9-7 21:39:43-debug: No image need to compress
2026-9-7 21:39:43-debug: Compress image success..., progress: 26%
2026-9-7 21:39:43-debug: Compress image success..., progress: 27%
2026-9-7 21:39:43-debug: Output asset in bundles start, progress: 26%
2026-9-7 21:39:43-debug: Output asset in bundles start, progress: 27%
2026-9-7 21:39:43-debug: Pack Images success, progress: 27%
2026-9-7 21:39:43-debug: handle json group
2026-9-7 21:39:43-debug: Handle all json groups in bundle main
2026-9-7 21:39:43-debug: handle json group
2026-9-7 21:39:43-debug: Handle all json groups in bundle Common
2026-9-7 21:39:43-debug: handle json group
2026-9-7 21:39:43-debug: Handle all json groups in bundle internal
2026-9-7 21:39:43-debug: Handle all json groups in bundle Hall
2026-9-7 21:39:43-debug: handle json group
2026-9-7 21:39:43-debug: Pack Images success, progress: 26%
2026-9-7 21:39:43-debug: handle json group
2026-9-7 21:39:43-debug: Compress image start..., progress: 27%
2026-9-7 21:39:43-debug: Handle all json groups in bundle InsectXiaoxiaole
2026-9-7 21:39:43-debug: handle single json
2026-9-7 21:39:43-debug: handle single json
2026-9-7 21:39:43-debug: Json group(0dff29e57) compile success，json number: 6
2026-9-7 21:39:43-debug: handle single json
2026-9-7 21:39:43-debug: Json group(096135cb0) compile success，json number: 6
2026-9-7 21:39:43-debug: Json group(09667c353) compile success，json number: 6
2026-9-7 21:39:43-debug: handle single json
2026-9-7 21:39:43-debug: Json group(07d3aae9f) compile success，json number: 6
2026-9-7 21:39:43-debug: handle single json
2026-9-7 21:39:43-debug: Output asset in bundles success, progress: 26%
2026-9-7 21:39:43-debug: Output asset in bundles success, progress: 27%
2026-9-7 21:39:43-debug: Output asset in bundles start, progress: 26%
2026-9-7 21:39:43-debug: compress config of bundle internal success
2026-9-7 21:39:43-debug: compress config of bundle main success
2026-9-7 21:39:43-debug: compress config of bundle Common...
2026-9-7 21:39:43-debug: compress config of bundle Common success
2026-9-7 21:39:43-debug: compress config of bundle Hall...
2026-9-7 21:39:43-debug: compress config of bundle Hall success
2026-9-7 21:39:43-debug: compress config of bundle InsectXiaoxiaole...
2026-9-7 21:39:43-debug: compress config of bundle InsectXiaoxiaole success
2026-9-7 21:39:43-debug: output config of bundle internal
2026-9-7 21:39:43-debug: output config of bundle internal success
2026-9-7 21:39:43-debug: output config of bundle main
2026-9-7 21:39:43-debug: output config of bundle main success
2026-9-7 21:39:43-debug: output config of bundle Common
2026-9-7 21:39:43-debug: output config of bundle Common success
2026-9-7 21:39:43-debug: output config of bundle Hall
2026-9-7 21:39:43-debug: output config of bundle Hall success
2026-9-7 21:39:43-debug: output config of bundle InsectXiaoxiaole
2026-9-7 21:39:43-debug: output config of bundle InsectXiaoxiaole success
2026-9-7 21:39:43-debug: Output asset in bundles success, progress: 26%
2026-9-7 21:39:43-debug: Output asset in bundles success, progress: 27%
2026-9-7 21:39:43-debug: compress config of bundle main...
2026-9-7 21:39:43-debug: Output asset in bundles start, progress: 27%
2026-9-7 21:39:43-debug: compress config of bundle internal...
2026-9-7 21:39:43-debug: // ---- build task Build Assets ---- (115ms)
2026-9-7 21:39:43-debug: // ---- build task 整理部分构建选项内数据到 settings.json ----
2026-9-7 21:39:43-debug: [Build Memory track]: Build Assets start:241.31MB, end 244.07MB, increase: 2.76MB
2026-9-7 21:39:43-debug: 整理部分构建选项内数据到 settings.json start, progress: 31%
2026-9-7 21:39:43-log: run build task Build Assets success in 115 ms√, progress: 31%
2026-9-7 21:39:43-debug: // ---- build task 整理部分构建选项内数据到 settings.json ---- (11ms)
2026-9-7 21:39:43-debug: // ---- build task 填充脚本数据到 settings.json ----
2026-9-7 21:39:43-debug: [Build Memory track]: 整理部分构建选项内数据到 settings.json start:244.16MB, end 244.26MB, increase: 98.37KB
2026-9-7 21:39:43-debug: 填充脚本数据到 settings.json start, progress: 33%
2026-9-7 21:39:43-log: run build task 整理部分构建选项内数据到 settings.json success in 11 ms√, progress: 33%
2026-9-7 21:39:43-debug: // ---- build task 填充脚本数据到 settings.json ---- (8ms)
2026-9-7 21:39:43-debug: // ---- build task 整理部分构建选项内数据到 settings.json ----
2026-9-7 21:39:43-debug: [Build Memory track]: 填充脚本数据到 settings.json start:244.29MB, end 244.38MB, increase: 99.03KB
2026-9-7 21:39:43-debug: 整理部分构建选项内数据到 settings.json start, progress: 34%
2026-9-7 21:39:43-log: run build task 填充脚本数据到 settings.json success in 8 ms√, progress: 34%
2026-9-7 21:39:43-debug: // ---- build task 整理部分构建选项内数据到 settings.json ---- (11ms)
2026-9-7 21:39:43-log: run build task 整理部分构建选项内数据到 settings.json success in 11 ms√, progress: 36%
2026-9-7 21:39:43-debug: [Build Memory track]: 整理部分构建选项内数据到 settings.json start:244.41MB, end 244.61MB, increase: 202.31KB
2026-9-7 21:39:43-debug: cocos-service:(onBeforeCompressSettings) start..., progress: 36%
2026-9-7 21:39:43-debug: // ---- build task cocos-service：onBeforeCompressSettings ----
2026-9-7 21:39:43-debug: // ---- build task cocos-service：onBeforeCompressSettings ---- (226ms)
2026-9-7 21:39:43-debug: cocos-service:(onBeforeCompressSettings) in 226 ms ✓, progress: 38%
2026-9-7 21:39:43-debug: 整理静态模板文件 start, progress: 38%
2026-9-7 21:39:43-debug: // ---- build task 整理静态模板文件 ----
2026-9-7 21:39:43-debug: // ---- build task 整理静态模板文件 ---- (15ms)
2026-9-7 21:39:43-debug: native:(onAfterCompressSettings) start..., progress: 43%
2026-9-7 21:39:43-log: run build task 整理静态模板文件 success in 15 ms√, progress: 43%
2026-9-7 21:39:43-debug: [Build Memory track]: 整理静态模板文件 start:244.84MB, end 246.43MB, increase: 1.60MB
2026-9-7 21:39:43-debug: // ---- build task native：onAfterCompressSettings ----
2026-9-7 21:39:43-log: Checking template version...
2026-9-7 21:39:43-log: Validating template consistency...
2026-9-7 21:39:43-debug: generateCMakeConfig, {"CC_USE_GLES3":"set(CC_USE_GLES3 ON)","CC_USE_GLES2":"set(CC_USE_GLES2 ON)","USE_SERVER_MODE":"set(USE_SERVER_MODE OFF)","NET_MODE":"set(NET_MODE 0)","XXTEAKEY":"","CC_ENABLE_SWAPPY":"set(CC_ENABLE_SWAPPY OFF)","APP_NAME":"set(APP_NAME \"GameBox\")","COCOS_X_PATH":"set(COCOS_X_PATH \"/Applications/Cocos/Creator/3.8.8/CocosCreator.app/Contents/Resources/resources/3d/engine/native\")","USE_JOB_SYSTEM_TASKFLOW":"set(USE_JOB_SYSTEM_TASKFLOW OFF)","USE_JOB_SYSTEM_TBB":"set(USE_JOB_SYSTEM_TBB OFF)","ENABLE_FLOAT_OUTPUT":"set(ENABLE_FLOAT_OUTPUT OFF)","USE_PHYSICS_PHYSX":"set(USE_PHYSICS_PHYSX OFF)","USE_BOX2D_JSB":"set(USE_BOX2D_JSB OFF)","USE_OCCLUSION_QUERY":"set(USE_OCCLUSION_QUERY OFF)","USE_GEOMETRY_RENDERER":"set(USE_GEOMETRY_RENDERER OFF)","USE_DEBUG_RENDERER":"set(USE_DEBUG_RENDERER OFF)","USE_AUDIO":"set(USE_AUDIO ON)","USE_VIDEO":"set(USE_VIDEO ON)","USE_WEBVIEW":"set(USE_WEBVIEW ON)","USE_SOCKET":"set(USE_SOCKET ON)","USE_WEBSOCKET_SERVER":"set(USE_WEBSOCKET_SERVER OFF)","USE_VENDOR":"set(USE_VENDOR OFF)","USE_SPINE_3_8":"set(USE_SPINE_3_8 ON)","USE_SPINE_4_2":"set(USE_SPINE_4_2 OFF)","USE_DRAGONBONES":"set(USE_DRAGONBONES ON)","CC_USE_VULKAN":"set(CC_USE_VULKAN OFF)","USE_ADPF":"set(USE_ADPF ON)"}
2026-9-7 21:39:43-log: While replace template content, file /Users/byron/custom-proj/GameBox/build/android/proj/main.cpp
2026-9-7 21:39:43-log: While replace template content, file /Users/byron/custom-proj/GameBox/build/android/proj/main.m
2026-9-7 21:39:43-log: While replace template content, file /Users/byron/custom-proj/GameBox/native/engine/android/entry/src/main/config.json
2026-9-7 21:39:43-log: update settings.properties
2026-9-7 21:39:43-log: update gradle.properties
2026-9-7 21:39:43-log: AndroidAPI level 34
2026-9-7 21:39:43-log: AndroidManifest.xml has already been updated!
2026-9-7 21:39:43-debug: // ---- build task native：onAfterCompressSettings ---- (25ms)
2026-9-7 21:39:43-debug: native:(onAfterCompressSettings) in 25 ms ✓, progress: 45%
2026-9-7 21:39:43-debug: cocos-service:(onAfterCompressSettings) start..., progress: 45%
2026-9-7 21:39:43-debug: // ---- build task cocos-service：onAfterCompressSettings ----
2026-9-7 21:39:44-debug: // ---- build task cocos-service：onAfterCompressSettings ---- (185ms)
2026-9-7 21:39:44-debug: 给所有的资源加上 MD5 后缀 start, progress: 46%
2026-9-7 21:39:44-debug: cocos-service:(onAfterCompressSettings) in 185 ms ✓, progress: 46%
2026-9-7 21:39:44-debug: // ---- build task 给所有的资源加上 MD5 后缀 ----
2026-9-7 21:39:44-debug: // ---- build task 给所有的资源加上 MD5 后缀 ---- (8ms)
2026-9-7 21:39:44-log: run build task 给所有的资源加上 MD5 后缀 success in 8 ms√, progress: 56%
2026-9-7 21:39:44-debug: [Build Memory track]: 给所有的资源加上 MD5 后缀 start:244.67MB, end 244.77MB, increase: 97.76KB
2026-9-7 21:39:44-debug: // ---- build task native：onAfterBuild ----
2026-9-7 21:39:44-debug: native:(onAfterBuild) start..., progress: 56%
2026-9-7 21:39:44-debug: // ---- build task native：onAfterBuild ---- (10ms)
2026-9-7 21:39:44-debug: native:(onAfterBuild) in 10 ms ✓, progress: 58%
2026-9-7 21:39:44-debug: cocos-service:(onAfterBuild) start..., progress: 58%
2026-9-7 21:39:44-debug: // ---- build task cocos-service：onAfterBuild ----
2026-9-7 21:39:44-debug: // ---- build task cocos-service：onAfterBuild ---- (194ms)
2026-9-7 21:39:44-debug: // ---- build task adsense-h5g-plugin：onAfterBuild ----
2026-9-7 21:39:44-debug: cocos-service:(onAfterBuild) in 194 ms ✓, progress: 60%
2026-9-7 21:39:44-debug: adsense-h5g-plugin:(onAfterBuild) start..., progress: 60%
2026-9-7 21:39:44-debug: // ---- build task adsense-h5g-plugin：onAfterBuild ---- (17ms)
2026-9-7 21:39:44-log: Asset DB is resume!
2026-9-7 21:39:44-debug: adsense-h5g-plugin:(onAfterBuild) in 17 ms ✓, progress: 62%
2026-9-7 21:39:44-debug: builder:build-project-total (4026ms)
2026-9-7 21:39:44-debug: build task(android) in 4026!
2026-9-7 21:39:44-debug: [Build Memory track]: builder:build-project-total start:240.78MB, end 245.73MB, increase: 4.94MB
2026-9-7 21:39:44-debug: ================================ build Task (android) Finished in (4 s)ms ================================
2026-9-7 21:39:44-debug: Stop record console. {file(/Users/byron/custom-proj/GameBox/temp/builder/log/android9-7-2026 21-38.log)}
2026-9-7 21:40:14-debug: refresh db internal success
2026-9-7 21:40:14-debug: refresh db assets success
2026-9-7 21:40:14-debug: Run asset db hook engine-extends:afterRefresh ...
2026-9-7 21:40:14-debug: Run asset db hook engine-extends:afterRefresh success!
2026-9-7 21:40:14-debug: asset-db:refresh-all-database (19ms)
2026-9-7 21:40:14-debug: asset-db:worker-effect-data-processing (1ms)
2026-9-7 21:40:14-debug: asset-db-hook-engine-extends-afterRefresh (1ms)
2026-9-7 21:40:17-debug: run package(hotfix-builder) handler(disable) start
2026-9-7 21:40:17-debug: run package(hotfix-builder) handler(disable) success!
2026-9-7 21:40:29-debug: Start record console... {file(/Users/byron/custom-proj/GameBox/temp/builder/log/android9-7-2026 21-38.log)}
2026-9-7 21:40:29-debug: Build with Cocos Creator 3.8.8
2026-9-7 21:40:29-debug: Start build task, options:{"name":"GameBox","server":"https://ggg","engineModulesConfigKey":"defaultConfig","platform":"android","buildPath":"project://build","debug":false,"buildMode":"normal","mangleProperties":false,"md5Cache":false,"skipCompressTexture":false,"sourceMaps":false,"overwriteProjectSettings":{"macroConfig":{"cleanupImageCache":"inherit-project-setting"},"includeModules":{"physics":"inherit-project-setting","physics-2d":"inherit-project-setting","gfx-webgl2":"off"}},"nativeCodeBundleMode":"wasm","polyfills":{"asyncFunctions":false},"experimentalEraseModules":false,"startSceneAssetBundle":false,"bundleConfigs":[],"inlineEnum":true,"useBuiltinServer":false,"md5CacheOptions":{"excludes":[],"includes":[],"replaceOnly":[],"handleTemplateMd5Link":true},"mainBundleIsRemote":false,"mainBundleCompressionType":"merge_dep","useSplashScreen":true,"bundleCommonChunk":false,"packAutoAtlas":true,"startScene":"8290b9a6-02a6-42aa-9bb4-a1783ccebaa8","outputName":"android","taskName":"android","scenes":[{"url":"db://assets/Common/main.scene","uuid":"708ff37f-b8eb-427a-aa1e-be457b98718e","bundle":"db://assets/Common"},{"url":"db://assets/scene/main.scene","uuid":"8290b9a6-02a6-42aa-9bb4-a1783ccebaa8"}],"wasmCompressionMode":false,"binGroupConfig":{"threshold":16,"enable":false},"packages":{"android":{"packageName":"com.gamebox","resizeableActivity":true,"maxAspectRatio":"2.4","orientation":{"portrait":true,"upsideDown":false,"landscapeRight":false,"landscapeLeft":false},"apiLevel":34,"appABIs":["arm64-v8a"],"useDebugKeystore":true,"keystorePath":"","keystorePassword":"","keystoreAlias":"","keystoreAliasPassword":"","appBundle":false,"androidInstant":false,"inputSDK":false,"isSoFileCompressed":true,"remoteUrl":"","sdkPath":"","ndkPath":"","javaHome":"","javaPath":"","renderBackEnd":{"vulkan":false,"gles3":true,"gles2":true},"swappy":false,"__version__":"1.0.1"},"cocos-service":{"configID":"48ed6c","services":[],"__version__":"3.0.9"},"native":{"encrypted":false,"xxteaKey":"24bDoiEEJGuaGQMa","compressZip":false,"JobSystem":"none","__version__":"1.0.2"}},"__version__":"1.3.9","logDest":"project://temp/builder/log/android9-7-2026 21-38.log"}
2026-9-7 21:40:29-debug: =================================== build Task (android) Start ================================
2026-9-7 21:40:29-debug: native:(onBeforeBuild) start..., progress: 0%
2026-9-7 21:40:29-debug: // ---- build task native：onBeforeBuild ----
2026-9-7 21:40:29-debug: // ---- build task native：onBeforeBuild ---- (7ms)
2026-9-7 21:40:29-debug: // ---- build task cocos-service：onBeforeBuild ----
2026-9-7 21:40:29-debug: cocos-service:(onBeforeBuild) start..., progress: 2%
2026-9-7 21:40:29-debug: native:(onBeforeBuild) in 7 ms ✓, progress: 2%
2026-9-7 21:40:30-debug: // ---- build task cocos-service：onBeforeBuild ---- (572ms)
2026-9-7 21:40:30-debug: cocos-service:(onBeforeBuild) in 572 ms ✓, progress: 4%
2026-9-7 21:40:30-debug: // ---- build task scene：onBeforeBuild ----
2026-9-7 21:40:30-debug: scene:(onBeforeBuild) start..., progress: 4%
2026-9-7 21:40:30-debug: // ---- build task scene：onBeforeBuild ---- (14ms)
2026-9-7 21:40:30-debug: scene:(onBeforeBuild) in 14 ms ✓, progress: 5%
2026-9-7 21:40:30-debug: Start lock asset db..., progress: 5%
2026-9-7 21:40:30-debug: Query all assets info in project
2026-9-7 21:40:30-log: Asset DB is paused with build!
2026-9-7 21:40:30-warn: 当前引擎模块配置内有部分模块 gfx-webgl 在当前平台 android 不支持，将会自动移除或者回退成其他模块
2026-9-7 21:40:30-debug: init custom config: keepNodeUuid: false, useCache: true
2026-9-7 21:40:30-debug: native:(onAfterInit) start..., progress: 5%
2026-9-7 21:40:30-debug: // ---- build task native：onAfterInit ----
2026-9-7 21:40:30-debug: Native engine root:/Applications/Cocos/Creator/3.8.8/CocosCreator.app/Contents/Resources/resources/3d/engine/native
2026-9-7 21:40:30-debug: // ---- build task native：onAfterInit ---- (9ms)
2026-9-7 21:40:30-debug: native:(onAfterInit) in 9 ms ✓, progress: 7%
2026-9-7 21:40:30-debug: android:(onAfterInit) start..., progress: 7%
2026-9-7 21:40:30-debug: // ---- build task android：onAfterInit ----
2026-9-7 21:40:30-debug: // ---- build task android：onAfterInit ---- (9ms)
2026-9-7 21:40:30-debug: android:(onAfterInit) in 9 ms ✓, progress: 9%
2026-9-7 21:40:30-debug: cocos-service:(onAfterInit) start..., progress: 9%
2026-9-7 21:40:30-debug: // ---- build task cocos-service：onAfterInit ----
2026-9-7 21:40:30-debug: // ---- build task cocos-service：onAfterInit ---- (161ms)
2026-9-7 21:40:30-debug: cocos-service:(onAfterInit) in 161 ms ✓, progress: 11%
2026-9-7 21:40:30-debug: adsense-h5g-plugin:(onBeforeBundleInit) start..., progress: 0%
2026-9-7 21:40:30-debug: adsense-h5g-plugin:(onBeforeBundleInit) start..., progress: 11%
2026-9-7 21:40:30-debug: // ---- build task adsense-h5g-plugin：onBeforeBundleInit ----
2026-9-7 21:40:30-debug: [adsense-h5g-plugin] remove script success
2026-9-7 21:40:30-debug: Skip compress image, progress: 0%
2026-9-7 21:40:30-debug: // ---- build task adsense-h5g-plugin：onBeforeBundleInit ---- (9ms)
2026-9-7 21:40:30-debug: adsense-h5g-plugin:(onBeforeBundleInit) in 9 ms ✓, progress: 11%
2026-9-7 21:40:30-debug: adsense-h5g-plugin:(onBeforeBundleInit) in 9 ms ✓, progress: 7%
2026-9-7 21:40:30-debug: Init all bundles start..., progress: 11%
2026-9-7 21:40:30-debug: native:(onAfterBundleInit) start..., progress: 11%
2026-9-7 21:40:30-debug: native:(onAfterBundleInit) start..., progress: 7%
2026-9-7 21:40:30-debug: // ---- build task native：onAfterBundleInit ----
2026-9-7 21:40:30-debug: Num of bundles: 5..., progress: 7%
2026-9-7 21:40:30-debug: Init all bundles start..., progress: 7%
2026-9-7 21:40:30-debug: Num of bundles: 5..., progress: 11%
2026-9-7 21:40:30-debug: // ---- build task native：onAfterBundleInit ---- (14ms)
2026-9-7 21:40:30-debug: android:(onAfterBundleInit) start..., progress: 13%
2026-9-7 21:40:30-debug: // ---- build task android：onAfterBundleInit ----
2026-9-7 21:40:30-debug: android:(onAfterBundleInit) start..., progress: 11%
2026-9-7 21:40:30-debug: native:(onAfterBundleInit) in 14 ms ✓, progress: 11%
2026-9-7 21:40:30-debug: native:(onAfterBundleInit) in 14 ms ✓, progress: 13%
2026-9-7 21:40:30-debug: // ---- build task android：onAfterBundleInit ---- (7ms)
2026-9-7 21:40:30-debug: // ---- build task 查询 Asset Bundle ----
2026-9-7 21:40:30-debug: Init bundle root assets start..., progress: 11%
2026-9-7 21:40:30-debug: Init bundle root assets start..., progress: 20%
2026-9-7 21:40:30-debug: android:(onAfterBundleInit) in 7 ms ✓, progress: 11%
2026-9-7 21:40:30-debug: android:(onAfterBundleInit) in 7 ms ✓, progress: 20%
2026-9-7 21:40:30-debug: 查询 Asset Bundle start, progress: 11%
2026-9-7 21:40:30-debug: Query preload assets/scripts from cc.config.json: 60f7195c-ec2a-45eb-ba94-8955f60e81d0,1c02ae6f-4492-4915-b8f8-7492a3b1e4cd,810e96e4-e456-4468-9b59-f4e8f39732c0,efe8e2a3-eace-427b-b4f1-cb8a937ec77d,e9aa9a3e-5b2b-4ac7-a2c7-073de2b2b24f,8bbdbcdd-5cd4-4100-b6d5-b7c9625b6107,50f4348b-c883-4e2f-8f11-ce233b859fa1,fda095cb-831d-4601-ad94-846013963de8,f92806d7-1768-443f-afe8-12bcde84d0f0,dd3a144d-ab7f-41f0-82b8-2e43a090d496,f0416e68-0200-4b77-a926-4f9d16e494da,511d2633-09a7-4bdd-ac42-f778032124b3,5d45aa00-e064-4938-b314-4265f0c2258c,9361fd90-ba52-4f84-aa93-6e878fd576ca,970b0598-bcb0-4714-91fb-2e81440dccd8,bcd64cc6-2dd9-43f6-abbe-66318d332032,d930590d-bb92-4cc8-8bd1-23cd027f9edf,a3cd009f-0ab0-420d-9278-b9fdab939bbc,6a2d0734-bd9e-4ddf-946e-caa52498cb75,c27215d8-6835-4b68-bfbb-bdeac6100c04,b5d6115f-0370-4d7c-aad3-c194cc71cf98,d1346436-ac96-4271-b863-1f4fdead95b0,971bdb23-3ff6-43eb-b422-1c30165a3663,17debcc3-0a6b-4b8a-b00b-dc58b885581e,711ebe11-f673-4cd9-9a83-63c60ba54c5b,c0143906-9aed-447e-9436-2ae8512d1b6e,14da1725-c4c2-42b4-ab08-ee0aeb6898b3,081cab31-dccd-428e-8652-f2404cc81c47,78e0584a-4343-4727-8f37-e14e65c2a2db,ba21476f-2866-4f81-9c4d-6e359316e448,871c3b6c-7379-419d-bda3-794b239ab90d,1d08ef62-a503-4ce2-8b9a-46c90873f7d3,ff9b0199-ce04-4cfe-86cc-6c719f08d6e4,de1c2107-70c8-4021-8459-6399f24d01c6,cbf30902-517f-40dc-af90-a550bac27cf1,5c601d96-e4c7-4698-991b-7ee674b11079
2026-9-7 21:40:30-debug: Init bundle root assets success..., progress: 11%
2026-9-7 21:40:30-debug: Init bundle root assets success..., progress: 20%
2026-9-7 21:40:30-debug: reload all scripts.
2026-9-7 21:40:30-debug:   Number of other assets: 445
2026-9-7 21:40:30-debug:   Number of all scripts: 27
2026-9-7 21:40:30-debug:   Number of all scenes: 2
2026-9-7 21:40:30-debug: [[Executor]] reload before lock
2026-9-7 21:40:30-debug: Set detail map pack:///resolution-detail-map.json: {}
2026-9-7 21:40:30-debug: Unregister DebugViewRuntimeControl
2026-9-7 21:40:30-debug: Unregister HallView
2026-9-7 21:40:30-debug: Unregister GameController
2026-9-7 21:40:30-debug: Unregister Palette
2026-9-7 21:40:30-debug: Unregister BuiltinPipelineSettings
2026-9-7 21:40:30-debug: Invalidating 'pack:///chunks/6d/6d8fd2b0177941b032ddc0733af48a561fb60657.js'
2026-9-7 21:40:30-debug: Invalidating 'pack:///chunks/3a/3af2b99d9d250d0c94e80c615712be1d07b4cf47.js'
2026-9-7 21:40:30-debug: Invalidating 'pack:///chunks/6a/6a5019a719a9014c047e67aa1cf34453ab8392ce.js'
2026-9-7 21:40:30-debug: Invalidating 'pack:///chunks/87/87c4b5d58115ee6102b02680ea6b39d34083b342.js'
2026-9-7 21:40:30-debug: Invalidating 'pack:///chunks/4f/4fd3d121a4e148a0cab634e8b8fe61cad0fda6b5.js'
2026-9-7 21:40:30-debug: Invalidating 'pack:///chunks/86/86b8638a66ab4c727e439f4d8cdd7595bd7cb611.js'
2026-9-7 21:40:30-debug: Invalidating 'pack:///chunks/13/13619a4d60fbb6416edf8ba7ec0b195f2fcda55a.js'
2026-9-7 21:40:30-debug: Invalidating 'pack:///chunks/9c/9c8e4ae02cd522e18faba9e72e8803c8bdb97382.js'
2026-9-7 21:40:30-debug: Invalidating 'pack:///chunks/b2/b266abe6e5c8a004a35569a0ce4a91a645ece924.js'
2026-9-7 21:40:30-debug: Unregister BuiltinPipelinePassBuilder
2026-9-7 21:40:30-debug: Invalidating 'pack:///chunks/5d/5d7e7cd5dab4aa75218e5a0454deda068d6567a6.js'
2026-9-7 21:40:30-debug: Invalidating 'pack:///chunks/5a/5aa4602142647299e494c5279080b21df8b17ba8.js'
2026-9-7 21:40:30-debug: Invalidating 'pack:///chunks/24/24a51135d454a918abdb28c02fa0797edd16b93a.js'
2026-9-7 21:40:30-debug: Invalidating 'pack:///chunks/12/12c65421cc0155055b91675091185216d6546867.js'
2026-9-7 21:40:30-debug: Invalidating 'pack:///chunks/f2/f23104a6f39ea91b7114b2470be34d9e21ffef96.js'
2026-9-7 21:40:30-debug: Invalidating 'pack:///chunks/15/15600ced11babfebae3faaf52d02ae2f4c66e459.js'
2026-9-7 21:40:30-debug: Unregister BuiltinDepthOfFieldPass
2026-9-7 21:40:30-debug: Invalidating 'pack:///chunks/b8/b8504ea7cb01149096e396f4d62ef374efb97b90.js'
2026-9-7 21:40:30-debug: Invalidating 'pack:///chunks/74/742e69fbb2c3d11edf92f8bdcc2efeb77bb0c24e.js'
2026-9-7 21:40:30-debug: Invalidating 'pack:///chunks/f8/f86578f64ee8c4ed3cd3b11c152a67b3c63c6191.js'
2026-9-7 21:40:30-debug: Invalidating 'pack:///chunks/45/450f4bf87e01483c0555ff8a1a7007d732c76681.js'
2026-9-7 21:40:30-debug: Invalidating 'pack:///chunks/ef/ef617c34bd4c3aae68613b5875ba028fe3c90220.js'
2026-9-7 21:40:30-debug: Invalidating 'pack:///chunks/c7/c7b3f13953cc5ebc12020e37baef585e34bba076.js'
2026-9-7 21:40:30-debug: Invalidating 'pack:///chunks/01/013a8250e9ddb89132f9af394f27aab6e5b0fcc0.js'
2026-9-7 21:40:30-debug: Invalidating 'pack:///chunks/64/6486c8c6505151c6fbd05c0c4e6b2917973d56fc.js'
2026-9-7 21:40:30-debug: Invalidating 'pack:///chunks/24/24151802ccc33fda32aaaaa5d3f0f252bc70b3a7.js'
2026-9-7 21:40:30-debug: Invalidating 'pack:///chunks/f6/f6298e0677cff2cd4b81597711fdf2f4a9cd6dd0.js'
2026-9-7 21:40:30-debug: Invalidating 'pack:///chunks/6b/6b59555042a9092ad18f700c6cfe2d9a6b357b3b.js'
2026-9-7 21:40:30-debug: Invalidating 'pack:///chunks/d9/d968a63b1f6a7be732e6a472bedb458e8800a5ed.js'
2026-9-7 21:40:30-debug: [[Executor]] Module "pack:///chunks/93/93ba276ea7b26ffcdc433fab14afc1ed6f05647b.js" loaded.
2026-9-7 21:40:30-debug: [[Executor]] Module "pack:///chunks/6d/6d8fd2b0177941b032ddc0733af48a561fb60657.js" loaded.
2026-9-7 21:40:30-debug: [[Executor]] Module "pack:///chunks/6a/6a5019a719a9014c047e67aa1cf34453ab8392ce.js" loaded.
2026-9-7 21:40:30-debug: Invalidating 'pack:///chunks/93/93ba276ea7b26ffcdc433fab14afc1ed6f05647b.js'
2026-9-7 21:40:30-debug: Invalidating 'pack:///chunks/b6/b6b5fe1f5e9baae816da9efb009322b57c804e53.js'
2026-9-7 21:40:30-debug: Invalidating 'pack:///chunks/d4/d4a2b776ab5f70113334189e7d040418f0451a53.js'
2026-9-7 21:40:30-debug: [[Executor]] Register BuiltinPipelinePassBuilder
2026-9-7 21:40:30-debug: [[Executor]] Module "pack:///chunks/4f/4fd3d121a4e148a0cab634e8b8fe61cad0fda6b5.js" loaded.
2026-9-7 21:40:30-debug: [[Executor]] Module "pack:///chunks/86/86b8638a66ab4c727e439f4d8cdd7595bd7cb611.js" loaded.
2026-9-7 21:40:30-debug: [[Executor]] Register BuiltinDepthOfFieldPass
2026-9-7 21:40:30-debug: [[Executor]] Register BuiltinPipelineSettings
2026-9-7 21:40:30-debug: [[Executor]] Register DebugViewRuntimeControl
2026-9-7 21:40:30-debug: [[Executor]] Module "pack:///chunks/9c/9c8e4ae02cd522e18faba9e72e8803c8bdb97382.js" loaded.
2026-9-7 21:40:30-debug: [[Executor]] Module "pack:///chunks/f2/f23104a6f39ea91b7114b2470be34d9e21ffef96.js" loaded.
2026-9-7 21:40:30-debug: [[Executor]] Module "pack:///chunks/87/87c4b5d58115ee6102b02680ea6b39d34083b342.js" loaded.
2026-9-7 21:40:30-debug: [[Executor]] Module "pack:///chunks/15/15600ced11babfebae3faaf52d02ae2f4c66e459.js" loaded.
2026-9-7 21:40:30-debug: [[Executor]] Module "pack:///chunks/3a/3af2b99d9d250d0c94e80c615712be1d07b4cf47.js" loaded.
2026-9-7 21:40:30-debug: [[Executor]] Module "pack:///chunks/12/12c65421cc0155055b91675091185216d6546867.js" loaded.
2026-9-7 21:40:30-debug: [[Executor]] Module "pack:///chunks/b6/b6b5fe1f5e9baae816da9efb009322b57c804e53.js" loaded.
2026-9-7 21:40:30-debug: [[Executor]] Module "pack:///chunks/24/24a51135d454a918abdb28c02fa0797edd16b93a.js" loaded.
2026-9-7 21:40:30-debug: [[Executor]] Module "pack:///chunks/f8/f86578f64ee8c4ed3cd3b11c152a67b3c63c6191.js" loaded.
2026-9-7 21:40:30-debug: [[Executor]] Module "pack:///chunks/13/13619a4d60fbb6416edf8ba7ec0b195f2fcda55a.js" loaded.
2026-9-7 21:40:30-debug: [[Executor]] Module "pack:///chunks/b2/b266abe6e5c8a004a35569a0ce4a91a645ece924.js" loaded.
2026-9-7 21:40:30-debug: [[Executor]] Module "pack:///chunks/74/742e69fbb2c3d11edf92f8bdcc2efeb77bb0c24e.js" loaded.
2026-9-7 21:40:30-debug: [[Executor]] Register HallView
2026-9-7 21:40:30-debug: [[Executor]] Module "pack:///chunks/b8/b8504ea7cb01149096e396f4d62ef374efb97b90.js" loaded.
2026-9-7 21:40:30-debug: [[Executor]] Module "pack:///chunks/c7/c7b3f13953cc5ebc12020e37baef585e34bba076.js" loaded.
2026-9-7 21:40:30-debug: [[Executor]] Register GameController
2026-9-7 21:40:30-debug: [[Executor]] Module "pack:///chunks/ef/ef617c34bd4c3aae68613b5875ba028fe3c90220.js" loaded.
2026-9-7 21:40:30-debug: [[Executor]] Module "pack:///chunks/d9/d968a63b1f6a7be732e6a472bedb458e8800a5ed.js" loaded.
2026-9-7 21:40:30-debug: [[Executor]] Module "pack:///chunks/45/450f4bf87e01483c0555ff8a1a7007d732c76681.js" loaded.
2026-9-7 21:40:30-debug: [[Executor]] Module "pack:///chunks/64/6486c8c6505151c6fbd05c0c4e6b2917973d56fc.js" loaded.
2026-9-7 21:40:30-debug: [[Executor]] Module "pack:///chunks/24/24151802ccc33fda32aaaaa5d3f0f252bc70b3a7.js" loaded.
2026-9-7 21:40:30-debug: [[Executor]] Module "pack:///chunks/f6/f6298e0677cff2cd4b81597711fdf2f4a9cd6dd0.js" loaded.
2026-9-7 21:40:30-debug: [[Executor]] Register Palette
2026-9-7 21:40:30-debug: [[Executor]] Module "pack:///chunks/6b/6b59555042a9092ad18f700c6cfe2d9a6b357b3b.js" loaded.
2026-9-7 21:40:30-debug: [[Executor]] Module "pack:///chunks/d4/d4a2b776ab5f70113334189e7d040418f0451a53.js" loaded.
2026-9-7 21:40:30-debug: [[Executor]] Module "pack:///chunks/6d/6d8fd2b0177941b032ddc0733af48a561fb60657.js" loaded.
2026-9-7 21:40:30-debug: [[Executor]] Module "pack:///chunks/5d/5d7e7cd5dab4aa75218e5a0454deda068d6567a6.js" loaded.
2026-9-7 21:40:30-debug: [[Executor]] Module "pack:///chunks/5a/5aa4602142647299e494c5279080b21df8b17ba8.js" loaded.
2026-9-7 21:40:30-debug: [[Executor]] Module "pack:///chunks/01/013a8250e9ddb89132f9af394f27aab6e5b0fcc0.js" loaded.
2026-9-7 21:40:30-debug: Init bundle share assets start..., progress: 11%
2026-9-7 21:40:30-debug: [[Executor]] after unlock
2026-9-7 21:40:30-debug: Incremental keys: MainBundle,UIPath,MaxPage,MaxFullPage,MaxPopPage,on,once,trigger,off,clearEvent,getInst,startGame,stopGame,LOG,WARN,ERROR,LogApi,ResetTo,PopTo,SwitchTo,ShowDialog,ShowTip,ShowCommon
2026-9-7 21:40:30-debug: Init bundle share assets start..., progress: 20%
2026-9-7 21:40:30-debug: Init bundle share assets success..., progress: 11%
2026-9-7 21:40:30-debug: Init bundle share assets success..., progress: 20%
2026-9-7 21:40:30-debug: handle json group in bundle internal
2026-9-7 21:40:30-debug: handle json group in bundle Hall
2026-9-7 21:40:30-debug: handle json group in bundle InsectXiaoxiaole
2026-9-7 21:40:30-debug: init image compress task 0 in bundle internal
2026-9-7 21:40:30-debug: handle json group in bundle Common success
2026-9-7 21:40:30-debug: init image compress task 0 in bundle Common
2026-9-7 21:40:30-debug: handle json group in bundle main success
2026-9-7 21:40:30-debug: init image compress task 0 in bundle main
2026-9-7 21:40:30-debug: handle json group in bundle internal success
2026-9-7 21:40:30-debug: init image compress task 0 in bundle Hall
2026-9-7 21:40:30-debug: handle json group in bundle InsectXiaoxiaole success
2026-9-7 21:40:30-debug: init image compress task 0 in bundle InsectXiaoxiaole
2026-9-7 21:40:30-debug: handle json group in bundle Common
2026-9-7 21:40:30-debug: handle json group in bundle Hall success
2026-9-7 21:40:30-debug: handle json group in bundle main
2026-9-7 21:40:30-debug: // ---- build task 查询 Asset Bundle ---- (57ms)
2026-9-7 21:40:30-debug: // ---- build task 查询 Asset Bundle ----
2026-9-7 21:40:30-log: run build task 查询 Asset Bundle success in 57 ms√, progress: 16%
2026-9-7 21:40:30-debug: 查询 Asset Bundle start, progress: 16%
2026-9-7 21:40:30-debug: [Build Memory track]: 查询 Asset Bundle start:246.26MB, end 246.69MB, increase: 430.71KB
2026-9-7 21:40:30-debug: // ---- build task 查询 Asset Bundle ---- (10ms)
2026-9-7 21:40:30-debug: native:(onAfterBundleDataTask) start..., progress: 21%
2026-9-7 21:40:30-debug: // ---- build task native：onAfterBundleDataTask ----
2026-9-7 21:40:30-log: run build task 查询 Asset Bundle success in 10 ms√, progress: 21%
2026-9-7 21:40:30-debug: native:(onAfterBundleDataTask) start..., progress: 20%
2026-9-7 21:40:30-debug: [Build Memory track]: 查询 Asset Bundle start:246.71MB, end 246.13MB, increase: -599.32KB
2026-9-7 21:40:30-debug: // ---- build task native：onAfterBundleDataTask ---- (9ms)
2026-9-7 21:40:30-debug: native:(onAfterBundleDataTask) in 9 ms ✓, progress: 21%
2026-9-7 21:40:30-debug: native:(onAfterBundleDataTask) in 9 ms ✓, progress: 27%
2026-9-7 21:40:30-debug: // ---- build task 打包脚本 ----
2026-9-7 21:40:30-debug: 打包脚本 start, progress: 21%
2026-9-7 21:40:30-log: [buildPolyfillsCommand]enter sub process 15528, 9229, see: chrome://inspect/#devices
2026-9-7 21:40:31-log: [buildPolyfillsCommand]Caught exception during build core-js: WebpackOptionsValidationError: Invalid configuration object. Webpack has been initialised using a configuration object that does not match the API schema. - configuration.entry should be an non-empty array.   -> A non-empty array of non-empty stringsThis may indicates the core-js polyfill is not necessary. See https://github.com/zloirock/core-js/issues/822
2026-9-7 21:40:31-debug: execute-script-end with buildPolyfillsCommand 758ms
2026-9-7 21:40:31-debug: Generate systemJs..., progress: 21%
2026-9-7 21:40:31-debug: execute-script-end with buildSystemJsCommand 895ms
2026-9-7 21:40:31-debug: 构建项目脚本 start..., progress: 21%
2026-9-7 21:40:31-debug: 构建项目脚本 start..., progress: 27%
2026-9-7 21:40:32-log: [buildScriptCommand]Number of non-entry chunks: 5
2026-9-7 21:40:33-debug: execute-script-end with buildScriptCommand 998ms
2026-9-7 21:40:33-debug: Copy externalScripts success!
2026-9-7 21:40:33-debug: 构建项目脚本 in (1015 ms) √, progress: 21%
2026-9-7 21:40:33-debug: 构建项目脚本 in (1015 ms) √, progress: 27%
2026-9-7 21:40:33-debug: 构建引擎脚本 start..., progress: 21%
2026-9-7 21:40:33-debug: mangleProperties is enabled, found engine-mangle-config.json, use it
2026-9-7 21:40:33-debug: Error: Exit process with code:null, signal:SIGTERM in task build-script    at ChildProcess.<anonymous> (/Applications/Cocos/Creator/3.8.8/CocosCreator.app/Contents/Resources/app.asar/builtin/builder/dist/worker/worker-pools/sub-process-manager.ccc:1:2409)    at ChildProcess.emit (node:events:519:28)    at Process.ChildProcess._handle.onexit (node:internal/child_process:294:12)
2026-9-7 21:40:33-debug: Use cache engine: {link(/var/folders/7t/9_hr0j7913s_fxkzfpcnpfy40000gn/T/CocosCreator/3.8.8/builder/engine/aca153c37e28b7fa48e779789cbe0f57)}
2026-9-7 21:40:33-debug: Use cache, md5String: debug=false,sourceMaps=false,includeModules=["2d","3d","affine-transform","animation","audio","base","custom-pipeline","dragon-bones","graphics","intersection-2d","light-probe","marionette","mask","particle","particle-2d","physics-2d-box2d","physics-ammo","primitive","profiler","rich-text","skeletal-animation","spine-3.8","terrain","tiled-map","tween","ui","ui-skew","video","websocket","webview","custom-pipeline-builtin-scripts"],engineVersion="3.8.8",platformType="ANDROID",split=undefined,nativeCodeBundleMode="wasm",targets="chrome 80",entry="/Applications/Cocos/Creator/3.8.8/CocosCreator.app/Contents/Resources/resources/3d/engine",noDeprecatedFeatures=undefined,loose=true,assetURLFormat=undefined,flags={"DEBUG":false,"LOAD_BULLET_MANUALLY":false,"LOAD_SPINE_MANUALLY":false},preserveType=undefined,wasmCompressionMode=false,enableNamedRegisterForSystemJSModuleFormat=undefined,mangleProperties=false,inlineEnum=true,
2026-9-7 21:40:33-debug: Use cache, options: {  "entry": "/Applications/Cocos/Creator/3.8.8/CocosCreator.app/Contents/Resources/resources/3d/engine",  "debug": false,  "mangleProperties": false,  "inlineEnum": true,  "sourceMaps": false,  "includeModules": [    "2d",    "3d",    "affine-transform",    "animation",    "audio",    "base",    "custom-pipeline",    "dragon-bones",    "graphics",    "intersection-2d",    "light-probe",    "marionette",    "mask",    "particle",    "particle-2d",    "physics-2d-box2d",    "physics-ammo",    "primitive",    "profiler",    "rich-text",    "skeletal-animation",    "spine-3.8",    "terrain",    "tiled-map",    "tween",    "ui",    "ui-skew",    "video",    "websocket",    "webview",    "custom-pipeline-builtin-scripts"  ],  "engineVersion": "3.8.8",  "md5Map": [],  "engineName": "cocos-js",  "output": "/Users/byron/custom-proj/GameBox/build/android/data/src/cocos-js",  "platformType": "ANDROID",  "useCache": true,  "nativeCodeBundleMode": "wasm",  "wasmCompressionMode": false,  "targets": "chrome 80",  "flags": {    "DEBUG": false,    "LOAD_BULLET_MANUALLY": false,    "LOAD_SPINE_MANUALLY": false  }}
2026-9-7 21:40:33-debug: 构建引擎脚本 in (39 ms) √, progress: 21%
2026-9-7 21:40:33-debug: Copy plugin script ..., progress: 21%
2026-9-7 21:40:33-debug: Generate import-map..., progress: 21%
2026-9-7 21:40:33-debug: // ---- build task 打包脚本 ---- (2720ms)
2026-9-7 21:40:33-debug: // ---- build task Build Assets ----
2026-9-7 21:40:33-debug: [Build Memory track]: 打包脚本 start:246.38MB, end 246.45MB, increase: 74.56KB
2026-9-7 21:40:33-debug: Pack Images start, progress: 26%
2026-9-7 21:40:33-debug: Pack Images start, progress: 27%
2026-9-7 21:40:33-log: run build task 打包脚本 success in 2 s√, progress: 26%
2026-9-7 21:40:33-debug: Build Assets start, progress: 26%
2026-9-7 21:40:33-debug: Number of pac assets: 2
2026-9-7 21:40:33-debug: Build bundles..., progress: 26%
2026-9-7 21:40:33-debug: Get Cache info of pac success {asset(4cb4a00e-c1f5-421c-9de0-6736f3172569)}
2026-9-7 21:40:33-debug: start collect depend assets in pac4cb4a00e-c1f5-421c-9de0-6736f3172569
2026-9-7 21:40:33-debug: start sort bundle in pac4cb4a00e-c1f5-421c-9de0-6736f3172569
2026-9-7 21:40:33-debug: remove spriteAtlas._uuid : {asset(4cb4a00e-c1f5-421c-9de0-6736f3172569)}
2026-9-7 21:40:33-debug: Asset {asset(db://assets/Hall/textures/HallView/auto-atlas.pac)} is Bundle
2026-9-7 21:40:33-debug: end sort bundle in pac4cb4a00e-c1f5-421c-9de0-6736f3172569
2026-9-7 21:40:33-debug: Number of pack results: 1
2026-9-7 21:40:33-debug: builder:pack-auto-atlas-image (46ms)
2026-9-7 21:40:33-debug: Compress image start..., progress: 27%
2026-9-7 21:40:33-debug: sort compress task {}
2026-9-7 21:40:33-debug: Num of all image compress task 0, really: 0, configTasks: 0
2026-9-7 21:40:33-debug: No image need to compress
2026-9-7 21:40:33-debug: Compress image success..., progress: 26%
2026-9-7 21:40:33-debug: Compress image success..., progress: 27%
2026-9-7 21:40:33-debug: Output asset in bundles start, progress: 26%
2026-9-7 21:40:33-debug: Pack Images success, progress: 26%
2026-9-7 21:40:33-debug: Handle all json groups in bundle internal
2026-9-7 21:40:33-debug: handle json group
2026-9-7 21:40:33-debug: Handle all json groups in bundle main
2026-9-7 21:40:33-debug: Pack Images success, progress: 27%
2026-9-7 21:40:33-debug: Handle all json groups in bundle Common
2026-9-7 21:40:33-debug: handle json group
2026-9-7 21:40:33-debug: handle single json
2026-9-7 21:40:33-debug: Compress image start..., progress: 26%
2026-9-7 21:40:33-debug: handle json group
2026-9-7 21:40:33-debug: Handle all json groups in bundle Hall
2026-9-7 21:40:33-debug: handle json group
2026-9-7 21:40:33-debug: handle json group
2026-9-7 21:40:33-debug: Handle all json groups in bundle InsectXiaoxiaole
2026-9-7 21:40:33-debug: Output asset in bundles start, progress: 27%
2026-9-7 21:40:33-debug: handle single json
2026-9-7 21:40:33-debug: Json group(0dff29e57) compile success，json number: 6
2026-9-7 21:40:33-debug: handle single json
2026-9-7 21:40:33-debug: Json group(096135cb0) compile success，json number: 6
2026-9-7 21:40:33-debug: Json group(09667c353) compile success，json number: 6
2026-9-7 21:40:33-debug: handle single json
2026-9-7 21:40:33-debug: Json group(07d3aae9f) compile success，json number: 6
2026-9-7 21:40:33-debug: handle single json
2026-9-7 21:40:33-debug: Output asset in bundles success, progress: 26%
2026-9-7 21:40:33-debug: Output asset in bundles success, progress: 27%
2026-9-7 21:40:33-debug: Output asset in bundles start, progress: 26%
2026-9-7 21:40:33-debug: compress config of bundle internal...
2026-9-7 21:40:33-debug: compress config of bundle main success
2026-9-7 21:40:33-debug: compress config of bundle Common...
2026-9-7 21:40:33-debug: compress config of bundle Common success
2026-9-7 21:40:33-debug: compress config of bundle Hall...
2026-9-7 21:40:33-debug: compress config of bundle Hall success
2026-9-7 21:40:33-debug: compress config of bundle InsectXiaoxiaole...
2026-9-7 21:40:33-debug: compress config of bundle InsectXiaoxiaole success
2026-9-7 21:40:33-debug: output config of bundle internal
2026-9-7 21:40:33-debug: output config of bundle internal success
2026-9-7 21:40:33-debug: output config of bundle main
2026-9-7 21:40:33-debug: output config of bundle main success
2026-9-7 21:40:33-debug: output config of bundle Common
2026-9-7 21:40:33-debug: output config of bundle Common success
2026-9-7 21:40:33-debug: Output asset in bundles start, progress: 27%
2026-9-7 21:40:33-debug: output config of bundle Hall success
2026-9-7 21:40:33-debug: compress config of bundle main...
2026-9-7 21:40:33-debug: output config of bundle InsectXiaoxiaole success
2026-9-7 21:40:33-debug: Output asset in bundles success, progress: 26%
2026-9-7 21:40:33-debug: Output asset in bundles success, progress: 27%
2026-9-7 21:40:33-debug: compress config of bundle internal success
2026-9-7 21:40:33-debug: output config of bundle InsectXiaoxiaole
2026-9-7 21:40:33-debug: output config of bundle Hall
2026-9-7 21:40:33-debug: // ---- build task Build Assets ---- (138ms)
2026-9-7 21:40:33-debug: // ---- build task 整理部分构建选项内数据到 settings.json ----
2026-9-7 21:40:33-log: run build task Build Assets success in 138 ms√, progress: 31%
2026-9-7 21:40:33-debug: 整理部分构建选项内数据到 settings.json start, progress: 31%
2026-9-7 21:40:33-debug: [Build Memory track]: Build Assets start:246.48MB, end 239.08MB, increase: -7577.26KB
2026-9-7 21:40:33-debug: // ---- build task 整理部分构建选项内数据到 settings.json ---- (13ms)
2026-9-7 21:40:33-debug: // ---- build task 填充脚本数据到 settings.json ----
2026-9-7 21:40:33-log: run build task 整理部分构建选项内数据到 settings.json success in 13 ms√, progress: 33%
2026-9-7 21:40:33-debug: 填充脚本数据到 settings.json start, progress: 33%
2026-9-7 21:40:33-debug: [Build Memory track]: 整理部分构建选项内数据到 settings.json start:239.17MB, end 239.26MB, increase: 86.46KB
2026-9-7 21:40:33-debug: // ---- build task 填充脚本数据到 settings.json ---- (7ms)
2026-9-7 21:40:33-debug: // ---- build task 整理部分构建选项内数据到 settings.json ----
2026-9-7 21:40:33-debug: [Build Memory track]: 填充脚本数据到 settings.json start:239.29MB, end 239.37MB, increase: 85.44KB
2026-9-7 21:40:33-debug: 整理部分构建选项内数据到 settings.json start, progress: 34%
2026-9-7 21:40:33-log: run build task 填充脚本数据到 settings.json success in 7 ms√, progress: 34%
2026-9-7 21:40:33-debug: // ---- build task 整理部分构建选项内数据到 settings.json ---- (11ms)
2026-9-7 21:40:33-debug: // ---- build task cocos-service：onBeforeCompressSettings ----
2026-9-7 21:40:33-debug: [Build Memory track]: 整理部分构建选项内数据到 settings.json start:239.40MB, end 239.59MB, increase: 193.33KB
2026-9-7 21:40:33-debug: cocos-service:(onBeforeCompressSettings) start..., progress: 36%
2026-9-7 21:40:33-log: run build task 整理部分构建选项内数据到 settings.json success in 11 ms√, progress: 36%
2026-9-7 21:40:33-debug: // ---- build task cocos-service：onBeforeCompressSettings ---- (224ms)
2026-9-7 21:40:33-debug: 整理静态模板文件 start, progress: 38%
2026-9-7 21:40:33-debug: // ---- build task 整理静态模板文件 ----
2026-9-7 21:40:33-debug: cocos-service:(onBeforeCompressSettings) in 224 ms ✓, progress: 38%
2026-9-7 21:40:33-debug: // ---- build task 整理静态模板文件 ---- (16ms)
2026-9-7 21:40:33-debug: native:(onAfterCompressSettings) start..., progress: 43%
2026-9-7 21:40:33-debug: // ---- build task native：onAfterCompressSettings ----
2026-9-7 21:40:33-debug: [Build Memory track]: 整理静态模板文件 start:239.80MB, end 241.30MB, increase: 1.50MB
2026-9-7 21:40:33-log: run build task 整理静态模板文件 success in 16 ms√, progress: 43%
2026-9-7 21:40:33-log: Checking template version...
2026-9-7 21:40:33-log: Validating template consistency...
2026-9-7 21:40:33-debug: generateCMakeConfig, {"CC_USE_GLES3":"set(CC_USE_GLES3 ON)","CC_USE_GLES2":"set(CC_USE_GLES2 ON)","USE_SERVER_MODE":"set(USE_SERVER_MODE OFF)","NET_MODE":"set(NET_MODE 0)","XXTEAKEY":"","CC_ENABLE_SWAPPY":"set(CC_ENABLE_SWAPPY OFF)","APP_NAME":"set(APP_NAME \"GameBox\")","COCOS_X_PATH":"set(COCOS_X_PATH \"/Applications/Cocos/Creator/3.8.8/CocosCreator.app/Contents/Resources/resources/3d/engine/native\")","USE_JOB_SYSTEM_TASKFLOW":"set(USE_JOB_SYSTEM_TASKFLOW OFF)","USE_JOB_SYSTEM_TBB":"set(USE_JOB_SYSTEM_TBB OFF)","ENABLE_FLOAT_OUTPUT":"set(ENABLE_FLOAT_OUTPUT OFF)","USE_PHYSICS_PHYSX":"set(USE_PHYSICS_PHYSX OFF)","USE_BOX2D_JSB":"set(USE_BOX2D_JSB OFF)","USE_OCCLUSION_QUERY":"set(USE_OCCLUSION_QUERY OFF)","USE_GEOMETRY_RENDERER":"set(USE_GEOMETRY_RENDERER OFF)","USE_DEBUG_RENDERER":"set(USE_DEBUG_RENDERER OFF)","USE_AUDIO":"set(USE_AUDIO ON)","USE_VIDEO":"set(USE_VIDEO ON)","USE_WEBVIEW":"set(USE_WEBVIEW ON)","USE_SOCKET":"set(USE_SOCKET ON)","USE_WEBSOCKET_SERVER":"set(USE_WEBSOCKET_SERVER OFF)","USE_VENDOR":"set(USE_VENDOR OFF)","USE_SPINE_3_8":"set(USE_SPINE_3_8 ON)","USE_SPINE_4_2":"set(USE_SPINE_4_2 OFF)","USE_DRAGONBONES":"set(USE_DRAGONBONES ON)","CC_USE_VULKAN":"set(CC_USE_VULKAN OFF)","USE_ADPF":"set(USE_ADPF ON)"}
2026-9-7 21:40:33-log: While replace template content, file /Users/byron/custom-proj/GameBox/build/android/proj/main.cpp
2026-9-7 21:40:33-log: While replace template content, file /Users/byron/custom-proj/GameBox/build/android/proj/main.m
2026-9-7 21:40:33-log: While replace template content, file /Users/byron/custom-proj/GameBox/native/engine/android/entry/src/main/config.json
2026-9-7 21:40:33-log: update settings.properties
2026-9-7 21:40:33-log: AndroidAPI level 34
2026-9-7 21:40:33-log: AndroidManifest.xml has already been updated!
2026-9-7 21:40:33-log: update gradle.properties
2026-9-7 21:40:33-debug: // ---- build task native：onAfterCompressSettings ---- (24ms)
2026-9-7 21:40:33-debug: native:(onAfterCompressSettings) in 24 ms ✓, progress: 45%
2026-9-7 21:40:33-debug: cocos-service:(onAfterCompressSettings) start..., progress: 45%
2026-9-7 21:40:33-debug: // ---- build task cocos-service：onAfterCompressSettings ----
2026-9-7 21:40:33-debug: // ---- build task cocos-service：onAfterCompressSettings ---- (195ms)
2026-9-7 21:40:33-debug: 给所有的资源加上 MD5 后缀 start, progress: 46%
2026-9-7 21:40:33-debug: // ---- build task 给所有的资源加上 MD5 后缀 ----
2026-9-7 21:40:33-debug: cocos-service:(onAfterCompressSettings) in 195 ms ✓, progress: 46%
2026-9-7 21:40:33-debug: // ---- build task 给所有的资源加上 MD5 后缀 ---- (14ms)
2026-9-7 21:40:33-debug: [Build Memory track]: 给所有的资源加上 MD5 后缀 start:242.63MB, end 242.72MB, increase: 85.81KB
2026-9-7 21:40:33-debug: native:(onAfterBuild) start..., progress: 56%
2026-9-7 21:40:33-debug: // ---- build task native：onAfterBuild ----
2026-9-7 21:40:33-log: run build task 给所有的资源加上 MD5 后缀 success in 14 ms√, progress: 56%
2026-9-7 21:40:33-debug: // ---- build task native：onAfterBuild ---- (11ms)
2026-9-7 21:40:33-debug: // ---- build task cocos-service：onAfterBuild ----
2026-9-7 21:40:33-debug: cocos-service:(onAfterBuild) start..., progress: 58%
2026-9-7 21:40:33-debug: native:(onAfterBuild) in 11 ms ✓, progress: 58%
2026-9-7 21:40:33-debug: // ---- build task cocos-service：onAfterBuild ---- (132ms)
2026-9-7 21:40:33-debug: cocos-service:(onAfterBuild) in 132 ms ✓, progress: 60%
2026-9-7 21:40:33-debug: adsense-h5g-plugin:(onAfterBuild) start..., progress: 60%
2026-9-7 21:40:33-debug: // ---- build task adsense-h5g-plugin：onAfterBuild ----
2026-9-7 21:40:33-debug: // ---- build task adsense-h5g-plugin：onAfterBuild ---- (13ms)
2026-9-7 21:40:33-debug: adsense-h5g-plugin:(onAfterBuild) in 13 ms ✓, progress: 62%
2026-9-7 21:40:33-log: Asset DB is resume!
2026-9-7 21:40:33-debug: builder:build-project-total (4442ms)
2026-9-7 21:40:33-debug: build task(android) in 4442!
2026-9-7 21:40:33-debug: ================================ build Task (android) Finished in (4 s)ms ================================
2026-9-7 21:40:33-debug: [Build Memory track]: builder:build-project-total start:245.76MB, end 239.82MB, increase: -6078.01KB
2026-9-7 21:40:33-debug: Stop record console. {file(/Users/byron/custom-proj/GameBox/temp/builder/log/android9-7-2026 21-38.log)}
2026-9-7 21:40:35-debug: refresh db internal success
2026-9-7 21:40:35-debug: refresh db assets success
2026-9-7 21:40:35-debug: Run asset db hook engine-extends:afterRefresh ...
2026-9-7 21:40:35-debug: Run asset db hook engine-extends:afterRefresh success!
2026-9-7 21:40:35-debug: asset-db:refresh-all-database (19ms)
2026-9-7 21:40:35-debug: asset-db:worker-effect-data-processing (1ms)
2026-9-7 21:40:35-debug: asset-db-hook-engine-extends-afterRefresh (1ms)
2026-9-7 21:40:52-debug: =================================== build Task (android) Start ================================
2026-9-7 21:40:52-debug: Start build task, options:{"name":"GameBox","server":"https://ggg","engineModulesConfigKey":"defaultConfig","platform":"android","buildPath":"project://build","debug":false,"buildMode":"normal","mangleProperties":false,"md5Cache":false,"skipCompressTexture":false,"sourceMaps":false,"overwriteProjectSettings":{"macroConfig":{"cleanupImageCache":"inherit-project-setting"},"includeModules":{"physics":"inherit-project-setting","physics-2d":"inherit-project-setting","gfx-webgl2":"off"}},"nativeCodeBundleMode":"wasm","polyfills":{"asyncFunctions":false},"experimentalEraseModules":false,"startSceneAssetBundle":false,"bundleConfigs":[],"inlineEnum":true,"useBuiltinServer":false,"md5CacheOptions":{"excludes":[],"includes":[],"replaceOnly":[],"handleTemplateMd5Link":true},"mainBundleIsRemote":false,"mainBundleCompressionType":"merge_dep","useSplashScreen":true,"bundleCommonChunk":false,"packAutoAtlas":true,"startScene":"8290b9a6-02a6-42aa-9bb4-a1783ccebaa8","outputName":"android","taskName":"android","scenes":[{"url":"db://assets/Common/main.scene","uuid":"708ff37f-b8eb-427a-aa1e-be457b98718e","bundle":"db://assets/Common"},{"url":"db://assets/scene/main.scene","uuid":"8290b9a6-02a6-42aa-9bb4-a1783ccebaa8"}],"wasmCompressionMode":false,"binGroupConfig":{"threshold":16,"enable":false},"packages":{"android":{"packageName":"com.gamebox","resizeableActivity":true,"maxAspectRatio":"2.4","orientation":{"portrait":true,"upsideDown":false,"landscapeRight":false,"landscapeLeft":false},"apiLevel":34,"appABIs":["arm64-v8a"],"useDebugKeystore":true,"keystorePath":"","keystorePassword":"","keystoreAlias":"","keystoreAliasPassword":"","appBundle":false,"androidInstant":false,"inputSDK":false,"isSoFileCompressed":true,"remoteUrl":"","sdkPath":"","ndkPath":"","javaHome":"","javaPath":"","renderBackEnd":{"vulkan":false,"gles3":true,"gles2":true},"swappy":false,"__version__":"1.0.1"},"cocos-service":{"configID":"48ed6c","services":[],"__version__":"3.0.9"},"native":{"encrypted":false,"xxteaKey":"24bDoiEEJGuaGQMa","compressZip":false,"JobSystem":"none","__version__":"1.0.2"}},"__version__":"1.3.9","logDest":"project://temp/builder/log/android9-7-2026 21-38.log"}
2026-9-7 21:40:52-debug: Build with Cocos Creator 3.8.8
2026-9-7 21:40:52-debug: Start record console... {file(/Users/byron/custom-proj/GameBox/temp/builder/log/android9-7-2026 21-38.log)}
2026-9-7 21:40:52-debug: native:(onBeforeBuild) start..., progress: 0%
2026-9-7 21:40:52-debug: // ---- build task native：onBeforeBuild ----
2026-9-7 21:40:52-debug: // ---- build task native：onBeforeBuild ---- (8ms)
2026-9-7 21:40:52-debug: // ---- build task cocos-service：onBeforeBuild ----
2026-9-7 21:40:52-debug: cocos-service:(onBeforeBuild) start..., progress: 2%
2026-9-7 21:40:52-debug: native:(onBeforeBuild) in 8 ms ✓, progress: 2%
2026-9-7 21:40:52-debug: // ---- build task cocos-service：onBeforeBuild ---- (243ms)
2026-9-7 21:40:52-debug: cocos-service:(onBeforeBuild) in 243 ms ✓, progress: 4%
2026-9-7 21:40:52-debug: scene:(onBeforeBuild) start..., progress: 4%
2026-9-7 21:40:52-debug: // ---- build task scene：onBeforeBuild ----
2026-9-7 21:40:52-debug: // ---- build task scene：onBeforeBuild ---- (19ms)
2026-9-7 21:40:52-debug: Query all assets info in project
2026-9-7 21:40:52-debug: Start lock asset db..., progress: 5%
2026-9-7 21:40:52-log: Asset DB is paused with build!
2026-9-7 21:40:52-debug: scene:(onBeforeBuild) in 19 ms ✓, progress: 5%
2026-9-7 21:40:52-warn: 当前引擎模块配置内有部分模块 gfx-webgl 在当前平台 android 不支持，将会自动移除或者回退成其他模块
2026-9-7 21:40:52-debug: init custom config: keepNodeUuid: false, useCache: true
2026-9-7 21:40:52-debug: native:(onAfterInit) start..., progress: 5%
2026-9-7 21:40:52-debug: // ---- build task native：onAfterInit ----
2026-9-7 21:40:52-debug: Native engine root:/Applications/Cocos/Creator/3.8.8/CocosCreator.app/Contents/Resources/resources/3d/engine/native
2026-9-7 21:40:52-debug: // ---- build task native：onAfterInit ---- (9ms)
2026-9-7 21:40:52-debug: native:(onAfterInit) in 9 ms ✓, progress: 7%
2026-9-7 21:40:52-debug: // ---- build task android：onAfterInit ----
2026-9-7 21:40:52-debug: android:(onAfterInit) start..., progress: 7%
2026-9-7 21:40:52-debug: // ---- build task android：onAfterInit ---- (9ms)
2026-9-7 21:40:52-debug: android:(onAfterInit) in 9 ms ✓, progress: 9%
2026-9-7 21:40:52-debug: cocos-service:(onAfterInit) start..., progress: 9%
2026-9-7 21:40:52-debug: // ---- build task cocos-service：onAfterInit ----
2026-9-7 21:40:52-debug: // ---- build task cocos-service：onAfterInit ---- (165ms)
2026-9-7 21:40:52-debug: cocos-service:(onAfterInit) in 165 ms ✓, progress: 11%
2026-9-7 21:40:52-debug: adsense-h5g-plugin:(onBeforeBundleInit) start..., progress: 0%
2026-9-7 21:40:52-debug: adsense-h5g-plugin:(onBeforeBundleInit) start..., progress: 11%
2026-9-7 21:40:52-debug: [adsense-h5g-plugin] remove script success
2026-9-7 21:40:52-debug: // ---- build task adsense-h5g-plugin：onBeforeBundleInit ----
2026-9-7 21:40:52-debug: Skip compress image, progress: 0%
2026-9-7 21:40:52-debug: // ---- build task adsense-h5g-plugin：onBeforeBundleInit ---- (9ms)
2026-9-7 21:40:52-debug: adsense-h5g-plugin:(onBeforeBundleInit) in 9 ms ✓, progress: 11%
2026-9-7 21:40:52-debug: adsense-h5g-plugin:(onBeforeBundleInit) in 9 ms ✓, progress: 7%
2026-9-7 21:40:52-debug: Init all bundles start..., progress: 11%
2026-9-7 21:40:52-debug: native:(onAfterBundleInit) start..., progress: 11%
2026-9-7 21:40:52-debug: native:(onAfterBundleInit) start..., progress: 7%
2026-9-7 21:40:52-debug: // ---- build task native：onAfterBundleInit ----
2026-9-7 21:40:52-debug: Num of bundles: 5..., progress: 7%
2026-9-7 21:40:52-debug: Num of bundles: 5..., progress: 11%
2026-9-7 21:40:52-debug: Init all bundles start..., progress: 7%
2026-9-7 21:40:52-debug: // ---- build task native：onAfterBundleInit ---- (12ms)
2026-9-7 21:40:52-debug: native:(onAfterBundleInit) in 12 ms ✓, progress: 11%
2026-9-7 21:40:52-debug: android:(onAfterBundleInit) start..., progress: 11%
2026-9-7 21:40:52-debug: android:(onAfterBundleInit) start..., progress: 13%
2026-9-7 21:40:52-debug: native:(onAfterBundleInit) in 12 ms ✓, progress: 13%
2026-9-7 21:40:52-debug: // ---- build task android：onAfterBundleInit ----
2026-9-7 21:40:52-debug: // ---- build task android：onAfterBundleInit ---- (8ms)
2026-9-7 21:40:52-debug: // ---- build task 查询 Asset Bundle ----
2026-9-7 21:40:52-debug: Init bundle root assets start..., progress: 11%
2026-9-7 21:40:52-debug: Init bundle root assets start..., progress: 20%
2026-9-7 21:40:52-debug: android:(onAfterBundleInit) in 8 ms ✓, progress: 11%
2026-9-7 21:40:52-debug: android:(onAfterBundleInit) in 8 ms ✓, progress: 20%
2026-9-7 21:40:52-debug: 查询 Asset Bundle start, progress: 11%
2026-9-7 21:40:52-debug: Query preload assets/scripts from cc.config.json: 60f7195c-ec2a-45eb-ba94-8955f60e81d0,1c02ae6f-4492-4915-b8f8-7492a3b1e4cd,810e96e4-e456-4468-9b59-f4e8f39732c0,efe8e2a3-eace-427b-b4f1-cb8a937ec77d,e9aa9a3e-5b2b-4ac7-a2c7-073de2b2b24f,8bbdbcdd-5cd4-4100-b6d5-b7c9625b6107,50f4348b-c883-4e2f-8f11-ce233b859fa1,fda095cb-831d-4601-ad94-846013963de8,f92806d7-1768-443f-afe8-12bcde84d0f0,dd3a144d-ab7f-41f0-82b8-2e43a090d496,f0416e68-0200-4b77-a926-4f9d16e494da,511d2633-09a7-4bdd-ac42-f778032124b3,5d45aa00-e064-4938-b314-4265f0c2258c,9361fd90-ba52-4f84-aa93-6e878fd576ca,970b0598-bcb0-4714-91fb-2e81440dccd8,bcd64cc6-2dd9-43f6-abbe-66318d332032,d930590d-bb92-4cc8-8bd1-23cd027f9edf,a3cd009f-0ab0-420d-9278-b9fdab939bbc,6a2d0734-bd9e-4ddf-946e-caa52498cb75,c27215d8-6835-4b68-bfbb-bdeac6100c04,b5d6115f-0370-4d7c-aad3-c194cc71cf98,d1346436-ac96-4271-b863-1f4fdead95b0,971bdb23-3ff6-43eb-b422-1c30165a3663,17debcc3-0a6b-4b8a-b00b-dc58b885581e,711ebe11-f673-4cd9-9a83-63c60ba54c5b,c0143906-9aed-447e-9436-2ae8512d1b6e,14da1725-c4c2-42b4-ab08-ee0aeb6898b3,081cab31-dccd-428e-8652-f2404cc81c47,78e0584a-4343-4727-8f37-e14e65c2a2db,ba21476f-2866-4f81-9c4d-6e359316e448,871c3b6c-7379-419d-bda3-794b239ab90d,1d08ef62-a503-4ce2-8b9a-46c90873f7d3,ff9b0199-ce04-4cfe-86cc-6c719f08d6e4,de1c2107-70c8-4021-8459-6399f24d01c6,cbf30902-517f-40dc-af90-a550bac27cf1,5c601d96-e4c7-4698-991b-7ee674b11079
2026-9-7 21:40:52-debug: Init bundle root assets success..., progress: 11%
2026-9-7 21:40:52-debug: Init bundle root assets success..., progress: 20%
2026-9-7 21:40:52-debug: reload all scripts.
2026-9-7 21:40:52-debug:   Number of other assets: 445
2026-9-7 21:40:52-debug:   Number of all scripts: 27
2026-9-7 21:40:52-debug:   Number of all scenes: 2
2026-9-7 21:40:52-debug: [[Executor]] reload before lock
2026-9-7 21:40:52-debug: Set detail map pack:///resolution-detail-map.json: {}
2026-9-7 21:40:52-debug: Unregister DebugViewRuntimeControl
2026-9-7 21:40:52-debug: Unregister HallView
2026-9-7 21:40:52-debug: Unregister GameController
2026-9-7 21:40:52-debug: Unregister Palette
2026-9-7 21:40:52-debug: Invalidating 'pack:///chunks/93/93ba276ea7b26ffcdc433fab14afc1ed6f05647b.js'
2026-9-7 21:40:52-debug: Invalidating 'pack:///chunks/6d/6d8fd2b0177941b032ddc0733af48a561fb60657.js'
2026-9-7 21:40:52-debug: Invalidating 'pack:///chunks/3a/3af2b99d9d250d0c94e80c615712be1d07b4cf47.js'
2026-9-7 21:40:52-debug: Invalidating 'pack:///chunks/6a/6a5019a719a9014c047e67aa1cf34453ab8392ce.js'
2026-9-7 21:40:52-debug: Invalidating 'pack:///chunks/87/87c4b5d58115ee6102b02680ea6b39d34083b342.js'
2026-9-7 21:40:52-debug: Invalidating 'pack:///chunks/4f/4fd3d121a4e148a0cab634e8b8fe61cad0fda6b5.js'
2026-9-7 21:40:52-debug: Invalidating 'pack:///chunks/86/86b8638a66ab4c727e439f4d8cdd7595bd7cb611.js'
2026-9-7 21:40:52-debug: Invalidating 'pack:///chunks/13/13619a4d60fbb6416edf8ba7ec0b195f2fcda55a.js'
2026-9-7 21:40:52-debug: Unregister BuiltinDepthOfFieldPass
2026-9-7 21:40:52-debug: Invalidating 'pack:///chunks/b2/b266abe6e5c8a004a35569a0ce4a91a645ece924.js'
2026-9-7 21:40:52-debug: Invalidating 'pack:///chunks/24/24a51135d454a918abdb28c02fa0797edd16b93a.js'
2026-9-7 21:40:52-debug: Invalidating 'pack:///chunks/5d/5d7e7cd5dab4aa75218e5a0454deda068d6567a6.js'
2026-9-7 21:40:52-debug: Invalidating 'pack:///chunks/5a/5aa4602142647299e494c5279080b21df8b17ba8.js'
2026-9-7 21:40:52-debug: Invalidating 'pack:///chunks/b6/b6b5fe1f5e9baae816da9efb009322b57c804e53.js'
2026-9-7 21:40:52-debug: Invalidating 'pack:///chunks/12/12c65421cc0155055b91675091185216d6546867.js'
2026-9-7 21:40:52-debug: Unregister BuiltinPipelineSettings
2026-9-7 21:40:52-debug: Invalidating 'pack:///chunks/15/15600ced11babfebae3faaf52d02ae2f4c66e459.js'
2026-9-7 21:40:52-debug: Invalidating 'pack:///chunks/f8/f86578f64ee8c4ed3cd3b11c152a67b3c63c6191.js'
2026-9-7 21:40:52-debug: Invalidating 'pack:///chunks/b8/b8504ea7cb01149096e396f4d62ef374efb97b90.js'
2026-9-7 21:40:52-debug: Unregister BuiltinPipelinePassBuilder
2026-9-7 21:40:52-debug: Invalidating 'pack:///chunks/c7/c7b3f13953cc5ebc12020e37baef585e34bba076.js'
2026-9-7 21:40:52-debug: Invalidating 'pack:///chunks/45/450f4bf87e01483c0555ff8a1a7007d732c76681.js'
2026-9-7 21:40:52-debug: Invalidating 'pack:///chunks/74/742e69fbb2c3d11edf92f8bdcc2efeb77bb0c24e.js'
2026-9-7 21:40:52-debug: Invalidating 'pack:///chunks/d9/d968a63b1f6a7be732e6a472bedb458e8800a5ed.js'
2026-9-7 21:40:52-debug: Invalidating 'pack:///chunks/01/013a8250e9ddb89132f9af394f27aab6e5b0fcc0.js'
2026-9-7 21:40:52-debug: Invalidating 'pack:///chunks/64/6486c8c6505151c6fbd05c0c4e6b2917973d56fc.js'
2026-9-7 21:40:52-debug: Invalidating 'pack:///chunks/24/24151802ccc33fda32aaaaa5d3f0f252bc70b3a7.js'
2026-9-7 21:40:52-debug: Invalidating 'pack:///chunks/f6/f6298e0677cff2cd4b81597711fdf2f4a9cd6dd0.js'
2026-9-7 21:40:52-debug: Invalidating 'pack:///chunks/ef/ef617c34bd4c3aae68613b5875ba028fe3c90220.js'
2026-9-7 21:40:52-debug: Invalidating 'pack:///chunks/d4/d4a2b776ab5f70113334189e7d040418f0451a53.js'
2026-9-7 21:40:52-debug: [[Executor]] Module "pack:///chunks/93/93ba276ea7b26ffcdc433fab14afc1ed6f05647b.js" loaded.
2026-9-7 21:40:52-debug: Invalidating 'pack:///chunks/6b/6b59555042a9092ad18f700c6cfe2d9a6b357b3b.js'
2026-9-7 21:40:52-debug: [[Executor]] Module "pack:///chunks/6a/6a5019a719a9014c047e67aa1cf34453ab8392ce.js" loaded.
2026-9-7 21:40:52-debug: [[Executor]] Module "pack:///chunks/13/13619a4d60fbb6416edf8ba7ec0b195f2fcda55a.js" loaded.
2026-9-7 21:40:52-debug: [[Executor]] Register BuiltinPipelineSettings
2026-9-7 21:40:52-debug: [[Executor]] Module "pack:///chunks/87/87c4b5d58115ee6102b02680ea6b39d34083b342.js" loaded.
2026-9-7 21:40:52-debug: [[Executor]] Register BuiltinPipelinePassBuilder
2026-9-7 21:40:52-debug: [[Executor]] Module "pack:///chunks/6d/6d8fd2b0177941b032ddc0733af48a561fb60657.js" loaded.
2026-9-7 21:40:52-debug: [[Executor]] Module "pack:///chunks/86/86b8638a66ab4c727e439f4d8cdd7595bd7cb611.js" loaded.
2026-9-7 21:40:52-debug: [[Executor]] Register BuiltinDepthOfFieldPass
2026-9-7 21:40:52-debug: [[Executor]] Module "pack:///chunks/3a/3af2b99d9d250d0c94e80c615712be1d07b4cf47.js" loaded.
2026-9-7 21:40:52-debug: Invalidating 'pack:///chunks/9c/9c8e4ae02cd522e18faba9e72e8803c8bdb97382.js'
2026-9-7 21:40:52-debug: [[Executor]] Register DebugViewRuntimeControl
2026-9-7 21:40:52-debug: [[Executor]] Module "pack:///chunks/f2/f23104a6f39ea91b7114b2470be34d9e21ffef96.js" loaded.
2026-9-7 21:40:52-debug: [[Executor]] Module "pack:///chunks/5a/5aa4602142647299e494c5279080b21df8b17ba8.js" loaded.
2026-9-7 21:40:52-debug: [[Executor]] Module "pack:///chunks/9c/9c8e4ae02cd522e18faba9e72e8803c8bdb97382.js" loaded.
2026-9-7 21:40:52-debug: [[Executor]] Module "pack:///chunks/4f/4fd3d121a4e148a0cab634e8b8fe61cad0fda6b5.js" loaded.
2026-9-7 21:40:52-debug: [[Executor]] Module "pack:///chunks/f8/f86578f64ee8c4ed3cd3b11c152a67b3c63c6191.js" loaded.
2026-9-7 21:40:52-debug: [[Executor]] Module "pack:///chunks/b6/b6b5fe1f5e9baae816da9efb009322b57c804e53.js" loaded.
2026-9-7 21:40:52-debug: [[Executor]] Module "pack:///chunks/24/24a51135d454a918abdb28c02fa0797edd16b93a.js" loaded.
2026-9-7 21:40:52-debug: [[Executor]] Module "pack:///chunks/5d/5d7e7cd5dab4aa75218e5a0454deda068d6567a6.js" loaded.
2026-9-7 21:40:52-debug: [[Executor]] Register HallView
2026-9-7 21:40:52-debug: [[Executor]] Module "pack:///chunks/b2/b266abe6e5c8a004a35569a0ce4a91a645ece924.js" loaded.
2026-9-7 21:40:52-debug: [[Executor]] Module "pack:///chunks/15/15600ced11babfebae3faaf52d02ae2f4c66e459.js" loaded.
2026-9-7 21:40:52-debug: [[Executor]] Register GameController
2026-9-7 21:40:52-debug: [[Executor]] Module "pack:///chunks/b8/b8504ea7cb01149096e396f4d62ef374efb97b90.js" loaded.
2026-9-7 21:40:52-debug: [[Executor]] Module "pack:///chunks/74/742e69fbb2c3d11edf92f8bdcc2efeb77bb0c24e.js" loaded.
2026-9-7 21:40:52-debug: [[Executor]] Module "pack:///chunks/01/013a8250e9ddb89132f9af394f27aab6e5b0fcc0.js" loaded.
2026-9-7 21:40:52-debug: [[Executor]] Module "pack:///chunks/ef/ef617c34bd4c3aae68613b5875ba028fe3c90220.js" loaded.
2026-9-7 21:40:52-debug: [[Executor]] Module "pack:///chunks/d9/d968a63b1f6a7be732e6a472bedb458e8800a5ed.js" loaded.
2026-9-7 21:40:52-debug: Invalidating 'pack:///chunks/f2/f23104a6f39ea91b7114b2470be34d9e21ffef96.js'
2026-9-7 21:40:52-debug: [[Executor]] Module "pack:///chunks/64/6486c8c6505151c6fbd05c0c4e6b2917973d56fc.js" loaded.
2026-9-7 21:40:52-debug: [[Executor]] Module "pack:///chunks/24/24151802ccc33fda32aaaaa5d3f0f252bc70b3a7.js" loaded.
2026-9-7 21:40:52-debug: [[Executor]] Module "pack:///chunks/f6/f6298e0677cff2cd4b81597711fdf2f4a9cd6dd0.js" loaded.
2026-9-7 21:40:52-debug: [[Executor]] Register Palette
2026-9-7 21:40:52-debug: [[Executor]] Module "pack:///chunks/c7/c7b3f13953cc5ebc12020e37baef585e34bba076.js" loaded.
2026-9-7 21:40:52-debug: [[Executor]] Module "pack:///chunks/d4/d4a2b776ab5f70113334189e7d040418f0451a53.js" loaded.
2026-9-7 21:40:52-debug: [[Executor]] Module "pack:///chunks/6d/6d8fd2b0177941b032ddc0733af48a561fb60657.js" loaded.
2026-9-7 21:40:52-debug: [[Executor]] Module "pack:///chunks/6b/6b59555042a9092ad18f700c6cfe2d9a6b357b3b.js" loaded.
2026-9-7 21:40:52-debug: [[Executor]] Module "pack:///chunks/12/12c65421cc0155055b91675091185216d6546867.js" loaded.
2026-9-7 21:40:52-debug: [[Executor]] Module "pack:///chunks/45/450f4bf87e01483c0555ff8a1a7007d732c76681.js" loaded.
2026-9-7 21:40:52-debug: Incremental keys: MainBundle,UIPath,MaxPage,MaxFullPage,MaxPopPage,on,once,trigger,off,clearEvent,getInst,startGame,stopGame,LOG,WARN,ERROR,LogApi,ResetTo,PopTo,SwitchTo,ShowDialog,ShowTip,ShowCommon
2026-9-7 21:40:52-debug: Init bundle share assets start..., progress: 20%
2026-9-7 21:40:52-debug: [[Executor]] after unlock
2026-9-7 21:40:52-debug: Init bundle share assets start..., progress: 11%
2026-9-7 21:40:52-debug: Init bundle share assets success..., progress: 11%
2026-9-7 21:40:52-debug: Init bundle share assets success..., progress: 20%
2026-9-7 21:40:52-debug: handle json group in bundle internal
2026-9-7 21:40:52-debug: handle json group in bundle Hall
2026-9-7 21:40:52-debug: handle json group in bundle InsectXiaoxiaole
2026-9-7 21:40:52-debug: init image compress task 0 in bundle internal
2026-9-7 21:40:52-debug: handle json group in bundle Common success
2026-9-7 21:40:52-debug: handle json group in bundle internal success
2026-9-7 21:40:52-debug: handle json group in bundle main success
2026-9-7 21:40:52-debug: init image compress task 0 in bundle main
2026-9-7 21:40:52-debug: handle json group in bundle Hall success
2026-9-7 21:40:52-debug: init image compress task 0 in bundle Hall
2026-9-7 21:40:52-debug: handle json group in bundle InsectXiaoxiaole success
2026-9-7 21:40:52-debug: init image compress task 0 in bundle InsectXiaoxiaole
2026-9-7 21:40:52-debug: handle json group in bundle main
2026-9-7 21:40:52-debug: init image compress task 0 in bundle Common
2026-9-7 21:40:52-debug: handle json group in bundle Common
2026-9-7 21:40:52-debug: // ---- build task 查询 Asset Bundle ---- (52ms)
2026-9-7 21:40:52-debug: // ---- build task 查询 Asset Bundle ----
2026-9-7 21:40:52-debug: [Build Memory track]: 查询 Asset Bundle start:243.96MB, end 241.98MB, increase: -2024.38KB
2026-9-7 21:40:52-debug: 查询 Asset Bundle start, progress: 16%
2026-9-7 21:40:52-log: run build task 查询 Asset Bundle success in 52 ms√, progress: 16%
2026-9-7 21:40:52-debug: // ---- build task 查询 Asset Bundle ---- (9ms)
2026-9-7 21:40:52-debug: native:(onAfterBundleDataTask) start..., progress: 20%
2026-9-7 21:40:52-debug: [Build Memory track]: 查询 Asset Bundle start:242.01MB, end 241.26MB, increase: -772.77KB
2026-9-7 21:40:52-debug: native:(onAfterBundleDataTask) start..., progress: 21%
2026-9-7 21:40:52-log: run build task 查询 Asset Bundle success in 9 ms√, progress: 21%
2026-9-7 21:40:52-debug: // ---- build task native：onAfterBundleDataTask ----
2026-9-7 21:40:52-debug: // ---- build task native：onAfterBundleDataTask ---- (5ms)
2026-9-7 21:40:52-debug: native:(onAfterBundleDataTask) in 5 ms ✓, progress: 21%
2026-9-7 21:40:52-debug: native:(onAfterBundleDataTask) in 5 ms ✓, progress: 27%
2026-9-7 21:40:52-debug: 打包脚本 start, progress: 21%
2026-9-7 21:40:52-debug: // ---- build task 打包脚本 ----
2026-9-7 21:40:52-log: [buildPolyfillsCommand]enter sub process 15598, 9229, see: chrome://inspect/#devices
2026-9-7 21:40:53-log: [buildPolyfillsCommand]Caught exception during build core-js: WebpackOptionsValidationError: Invalid configuration object. Webpack has been initialised using a configuration object that does not match the API schema. - configuration.entry should be an non-empty array.   -> A non-empty array of non-empty stringsThis may indicates the core-js polyfill is not necessary. See https://github.com/zloirock/core-js/issues/822
2026-9-7 21:40:53-debug: execute-script-end with buildPolyfillsCommand 714ms
2026-9-7 21:40:53-debug: Generate systemJs..., progress: 21%
2026-9-7 21:40:54-debug: execute-script-end with buildSystemJsCommand 780ms
2026-9-7 21:40:54-debug: 构建项目脚本 start..., progress: 21%
2026-9-7 21:40:54-debug: 构建项目脚本 start..., progress: 27%
2026-9-7 21:40:55-log: [buildScriptCommand]Number of non-entry chunks: 5
2026-9-7 21:40:55-debug: execute-script-end with buildScriptCommand 908ms
2026-9-7 21:40:55-debug: Copy externalScripts success!
2026-9-7 21:40:55-debug: 构建项目脚本 in (927 ms) √, progress: 21%
2026-9-7 21:40:55-debug: 构建项目脚本 in (927 ms) √, progress: 27%
2026-9-7 21:40:55-debug: 构建引擎脚本 start..., progress: 21%
2026-9-7 21:40:55-debug: mangleProperties is enabled, found engine-mangle-config.json, use it
2026-9-7 21:40:55-debug: Error: Exit process with code:null, signal:SIGTERM in task build-script    at ChildProcess.<anonymous> (/Applications/Cocos/Creator/3.8.8/CocosCreator.app/Contents/Resources/app.asar/builtin/builder/dist/worker/worker-pools/sub-process-manager.ccc:1:2409)    at ChildProcess.emit (node:events:519:28)    at Process.ChildProcess._handle.onexit (node:internal/child_process:294:12)
2026-9-7 21:40:55-debug: Use cache engine: {link(/var/folders/7t/9_hr0j7913s_fxkzfpcnpfy40000gn/T/CocosCreator/3.8.8/builder/engine/aca153c37e28b7fa48e779789cbe0f57)}
2026-9-7 21:40:55-debug: Use cache, md5String: debug=false,sourceMaps=false,includeModules=["2d","3d","affine-transform","animation","audio","base","custom-pipeline","dragon-bones","graphics","intersection-2d","light-probe","marionette","mask","particle","particle-2d","physics-2d-box2d","physics-ammo","primitive","profiler","rich-text","skeletal-animation","spine-3.8","terrain","tiled-map","tween","ui","ui-skew","video","websocket","webview","custom-pipeline-builtin-scripts"],engineVersion="3.8.8",platformType="ANDROID",split=undefined,nativeCodeBundleMode="wasm",targets="chrome 80",entry="/Applications/Cocos/Creator/3.8.8/CocosCreator.app/Contents/Resources/resources/3d/engine",noDeprecatedFeatures=undefined,loose=true,assetURLFormat=undefined,flags={"DEBUG":false,"LOAD_BULLET_MANUALLY":false,"LOAD_SPINE_MANUALLY":false},preserveType=undefined,wasmCompressionMode=false,enableNamedRegisterForSystemJSModuleFormat=undefined,mangleProperties=false,inlineEnum=true,
2026-9-7 21:40:55-debug: Use cache, options: {  "entry": "/Applications/Cocos/Creator/3.8.8/CocosCreator.app/Contents/Resources/resources/3d/engine",  "debug": false,  "mangleProperties": false,  "inlineEnum": true,  "sourceMaps": false,  "includeModules": [    "2d",    "3d",    "affine-transform",    "animation",    "audio",    "base",    "custom-pipeline",    "dragon-bones",    "graphics",    "intersection-2d",    "light-probe",    "marionette",    "mask",    "particle",    "particle-2d",    "physics-2d-box2d",    "physics-ammo",    "primitive",    "profiler",    "rich-text",    "skeletal-animation",    "spine-3.8",    "terrain",    "tiled-map",    "tween",    "ui",    "ui-skew",    "video",    "websocket",    "webview",    "custom-pipeline-builtin-scripts"  ],  "engineVersion": "3.8.8",  "md5Map": [],  "engineName": "cocos-js",  "output": "/Users/byron/custom-proj/GameBox/build/android/data/src/cocos-js",  "platformType": "ANDROID",  "useCache": true,  "nativeCodeBundleMode": "wasm",  "wasmCompressionMode": false,  "targets": "chrome 80",  "flags": {    "DEBUG": false,    "LOAD_BULLET_MANUALLY": false,    "LOAD_SPINE_MANUALLY": false  }}
2026-9-7 21:40:55-debug: 构建引擎脚本 in (31 ms) √, progress: 21%
2026-9-7 21:40:55-debug: Copy plugin script ..., progress: 21%
2026-9-7 21:40:55-debug: Generate import-map..., progress: 21%
2026-9-7 21:40:55-debug: // ---- build task 打包脚本 ---- (2461ms)
2026-9-7 21:40:55-debug: // ---- build task Build Assets ----
2026-9-7 21:40:55-debug: Build bundles..., progress: 26%
2026-9-7 21:40:55-debug: Pack Images start, progress: 26%
2026-9-7 21:40:55-debug: Pack Images start, progress: 27%
2026-9-7 21:40:55-log: run build task 打包脚本 success in 2 s√, progress: 26%
2026-9-7 21:40:55-debug: [Build Memory track]: 打包脚本 start:241.51MB, end 241.88MB, increase: 380.11KB
2026-9-7 21:40:55-debug: Build Assets start, progress: 26%
2026-9-7 21:40:55-debug: Number of pac assets: 2
2026-9-7 21:40:55-debug: Get Cache info of pac success {asset(4cb4a00e-c1f5-421c-9de0-6736f3172569)}
2026-9-7 21:40:55-debug: Asset {asset(db://assets/Hall/textures/HallView/auto-atlas.pac)} is Bundle
2026-9-7 21:40:55-debug: remove spriteAtlas._uuid : {asset(4cb4a00e-c1f5-421c-9de0-6736f3172569)}
2026-9-7 21:40:55-debug: end sort bundle in pac4cb4a00e-c1f5-421c-9de0-6736f3172569
2026-9-7 21:40:55-debug: Number of pack results: 1
2026-9-7 21:40:55-debug: start collect depend assets in pac4cb4a00e-c1f5-421c-9de0-6736f3172569
2026-9-7 21:40:55-debug: start sort bundle in pac4cb4a00e-c1f5-421c-9de0-6736f3172569
2026-9-7 21:40:55-debug: builder:pack-auto-atlas-image (43ms)
2026-9-7 21:40:55-debug: Compress image start..., progress: 27%
2026-9-7 21:40:55-debug: sort compress task {}
2026-9-7 21:40:55-debug: Num of all image compress task 0, really: 0, configTasks: 0
2026-9-7 21:40:55-debug: No image need to compress
2026-9-7 21:40:55-debug: Compress image success..., progress: 26%
2026-9-7 21:40:55-debug: Compress image success..., progress: 27%
2026-9-7 21:40:55-debug: Output asset in bundles start, progress: 26%
2026-9-7 21:40:55-debug: Pack Images success, progress: 26%
2026-9-7 21:40:55-debug: Handle all json groups in bundle internal
2026-9-7 21:40:55-debug: handle json group
2026-9-7 21:40:55-debug: Handle all json groups in bundle main
2026-9-7 21:40:55-debug: handle json group
2026-9-7 21:40:55-debug: Handle all json groups in bundle Common
2026-9-7 21:40:55-debug: handle json group
2026-9-7 21:40:55-debug: handle single json
2026-9-7 21:40:55-debug: Compress image start..., progress: 26%
2026-9-7 21:40:55-debug: Handle all json groups in bundle Hall
2026-9-7 21:40:55-debug: Output asset in bundles start, progress: 27%
2026-9-7 21:40:55-debug: handle json group
2026-9-7 21:40:55-debug: Pack Images success, progress: 27%
2026-9-7 21:40:55-debug: Handle all json groups in bundle InsectXiaoxiaole
2026-9-7 21:40:55-debug: handle json group
2026-9-7 21:40:55-debug: handle single json
2026-9-7 21:40:55-debug: Json group(0dff29e57) compile success，json number: 6
2026-9-7 21:40:55-debug: handle single json
2026-9-7 21:40:55-debug: Json group(096135cb0) compile success，json number: 6
2026-9-7 21:40:55-debug: Json group(09667c353) compile success，json number: 6
2026-9-7 21:40:55-debug: handle single json
2026-9-7 21:40:55-debug: Json group(07d3aae9f) compile success，json number: 6
2026-9-7 21:40:55-debug: handle single json
2026-9-7 21:40:55-debug: Output asset in bundles success, progress: 26%
2026-9-7 21:40:55-debug: Output asset in bundles success, progress: 27%
2026-9-7 21:40:55-debug: Output asset in bundles start, progress: 27%
2026-9-7 21:40:55-debug: compress config of bundle main...
2026-9-7 21:40:55-debug: compress config of bundle main success
2026-9-7 21:40:55-debug: compress config of bundle internal...
2026-9-7 21:40:55-debug: compress config of bundle Common success
2026-9-7 21:40:55-debug: compress config of bundle Hall...
2026-9-7 21:40:55-debug: compress config of bundle Hall success
2026-9-7 21:40:55-debug: compress config of bundle InsectXiaoxiaole...
2026-9-7 21:40:55-debug: compress config of bundle InsectXiaoxiaole success
2026-9-7 21:40:55-debug: output config of bundle internal
2026-9-7 21:40:55-debug: output config of bundle internal success
2026-9-7 21:40:55-debug: output config of bundle main
2026-9-7 21:40:55-debug: output config of bundle main success
2026-9-7 21:40:55-debug: output config of bundle Common
2026-9-7 21:40:55-debug: compress config of bundle Common...
2026-9-7 21:40:55-debug: output config of bundle Hall
2026-9-7 21:40:55-debug: output config of bundle Hall success
2026-9-7 21:40:55-debug: output config of bundle InsectXiaoxiaole
2026-9-7 21:40:55-debug: output config of bundle InsectXiaoxiaole success
2026-9-7 21:40:55-debug: Output asset in bundles success, progress: 26%
2026-9-7 21:40:55-debug: Output asset in bundles success, progress: 27%
2026-9-7 21:40:55-debug: Output asset in bundles start, progress: 26%
2026-9-7 21:40:55-debug: output config of bundle Common success
2026-9-7 21:40:55-debug: compress config of bundle internal success
2026-9-7 21:40:55-debug: // ---- build task Build Assets ---- (113ms)
2026-9-7 21:40:55-debug: [Build Memory track]: Build Assets start:241.90MB, end 247.42MB, increase: 5.52MB
2026-9-7 21:40:55-debug: 整理部分构建选项内数据到 settings.json start, progress: 31%
2026-9-7 21:40:55-debug: // ---- build task 整理部分构建选项内数据到 settings.json ----
2026-9-7 21:40:55-log: run build task Build Assets success in 113 ms√, progress: 31%
2026-9-7 21:40:55-debug: // ---- build task 整理部分构建选项内数据到 settings.json ---- (10ms)
2026-9-7 21:40:55-debug: // ---- build task 填充脚本数据到 settings.json ----
2026-9-7 21:40:55-debug: [Build Memory track]: 整理部分构建选项内数据到 settings.json start:247.51MB, end 247.59MB, increase: 86.30KB
2026-9-7 21:40:55-debug: 填充脚本数据到 settings.json start, progress: 33%
2026-9-7 21:40:55-log: run build task 整理部分构建选项内数据到 settings.json success in 10 ms√, progress: 33%
2026-9-7 21:40:55-debug: // ---- build task 填充脚本数据到 settings.json ---- (6ms)
2026-9-7 21:40:55-log: run build task 填充脚本数据到 settings.json success in 6 ms√, progress: 34%
2026-9-7 21:40:55-debug: [Build Memory track]: 填充脚本数据到 settings.json start:247.62MB, end 244.22MB, increase: -3487.73KB
2026-9-7 21:40:55-debug: // ---- build task 整理部分构建选项内数据到 settings.json ----
2026-9-7 21:40:55-debug: 整理部分构建选项内数据到 settings.json start, progress: 34%
2026-9-7 21:40:55-debug: // ---- build task 整理部分构建选项内数据到 settings.json ---- (11ms)
2026-9-7 21:40:55-debug: // ---- build task cocos-service：onBeforeCompressSettings ----
2026-9-7 21:40:55-debug: [Build Memory track]: 整理部分构建选项内数据到 settings.json start:244.25MB, end 244.43MB, increase: 184.08KB
2026-9-7 21:40:55-debug: cocos-service:(onBeforeCompressSettings) start..., progress: 36%
2026-9-7 21:40:55-log: run build task 整理部分构建选项内数据到 settings.json success in 11 ms√, progress: 36%
2026-9-7 21:40:55-debug: // ---- build task cocos-service：onBeforeCompressSettings ---- (262ms)
2026-9-7 21:40:55-debug: cocos-service:(onBeforeCompressSettings) in 262 ms ✓, progress: 38%
2026-9-7 21:40:55-debug: 整理静态模板文件 start, progress: 38%
2026-9-7 21:40:55-debug: // ---- build task 整理静态模板文件 ----
2026-9-7 21:40:55-debug: // ---- build task 整理静态模板文件 ---- (43ms)
2026-9-7 21:40:55-debug: native:(onAfterCompressSettings) start..., progress: 43%
2026-9-7 21:40:55-debug: // ---- build task native：onAfterCompressSettings ----
2026-9-7 21:40:55-log: run build task 整理静态模板文件 success in 43 ms√, progress: 43%
2026-9-7 21:40:55-debug: [Build Memory track]: 整理静态模板文件 start:244.60MB, end 246.00MB, increase: 1.39MB
2026-9-7 21:40:55-log: Validating template consistency...
2026-9-7 21:40:55-debug: generateCMakeConfig, {"CC_USE_GLES3":"set(CC_USE_GLES3 ON)","CC_USE_GLES2":"set(CC_USE_GLES2 ON)","USE_SERVER_MODE":"set(USE_SERVER_MODE OFF)","NET_MODE":"set(NET_MODE 0)","XXTEAKEY":"","CC_ENABLE_SWAPPY":"set(CC_ENABLE_SWAPPY OFF)","APP_NAME":"set(APP_NAME \"GameBox\")","COCOS_X_PATH":"set(COCOS_X_PATH \"/Applications/Cocos/Creator/3.8.8/CocosCreator.app/Contents/Resources/resources/3d/engine/native\")","USE_JOB_SYSTEM_TASKFLOW":"set(USE_JOB_SYSTEM_TASKFLOW OFF)","USE_JOB_SYSTEM_TBB":"set(USE_JOB_SYSTEM_TBB OFF)","ENABLE_FLOAT_OUTPUT":"set(ENABLE_FLOAT_OUTPUT OFF)","USE_PHYSICS_PHYSX":"set(USE_PHYSICS_PHYSX OFF)","USE_BOX2D_JSB":"set(USE_BOX2D_JSB OFF)","USE_OCCLUSION_QUERY":"set(USE_OCCLUSION_QUERY OFF)","USE_GEOMETRY_RENDERER":"set(USE_GEOMETRY_RENDERER OFF)","USE_DEBUG_RENDERER":"set(USE_DEBUG_RENDERER OFF)","USE_AUDIO":"set(USE_AUDIO ON)","USE_VIDEO":"set(USE_VIDEO ON)","USE_WEBVIEW":"set(USE_WEBVIEW ON)","USE_SOCKET":"set(USE_SOCKET ON)","USE_WEBSOCKET_SERVER":"set(USE_WEBSOCKET_SERVER OFF)","USE_VENDOR":"set(USE_VENDOR OFF)","USE_SPINE_3_8":"set(USE_SPINE_3_8 ON)","USE_SPINE_4_2":"set(USE_SPINE_4_2 OFF)","USE_DRAGONBONES":"set(USE_DRAGONBONES ON)","CC_USE_VULKAN":"set(CC_USE_VULKAN OFF)","USE_ADPF":"set(USE_ADPF ON)"}
2026-9-7 21:40:55-log: Checking template version...
2026-9-7 21:40:55-log: While replace template content, file /Users/byron/custom-proj/GameBox/build/android/proj/main.m
2026-9-7 21:40:55-log: While replace template content, file /Users/byron/custom-proj/GameBox/build/android/proj/main.cpp
2026-9-7 21:40:55-log: While replace template content, file /Users/byron/custom-proj/GameBox/native/engine/android/entry/src/main/config.json
2026-9-7 21:40:55-log: update settings.properties
2026-9-7 21:40:55-log: update gradle.properties
2026-9-7 21:40:55-log: AndroidAPI level 34
2026-9-7 21:40:55-log: AndroidManifest.xml has already been updated!
2026-9-7 21:40:55-debug: // ---- build task native：onAfterCompressSettings ---- (22ms)
2026-9-7 21:40:55-debug: native:(onAfterCompressSettings) in 22 ms ✓, progress: 45%
2026-9-7 21:40:55-debug: cocos-service:(onAfterCompressSettings) start..., progress: 45%
2026-9-7 21:40:55-debug: // ---- build task cocos-service：onAfterCompressSettings ----
2026-9-7 21:40:55-debug: // ---- build task cocos-service：onAfterCompressSettings ---- (119ms)
2026-9-7 21:40:55-debug: cocos-service:(onAfterCompressSettings) in 119 ms ✓, progress: 46%
2026-9-7 21:40:55-debug: 给所有的资源加上 MD5 后缀 start, progress: 46%
2026-9-7 21:40:55-debug: // ---- build task 给所有的资源加上 MD5 后缀 ----
2026-9-7 21:40:55-debug: // ---- build task 给所有的资源加上 MD5 后缀 ---- (9ms)
2026-9-7 21:40:55-debug: // ---- build task native：onAfterBuild ----
2026-9-7 21:40:55-debug: [Build Memory track]: 给所有的资源加上 MD5 后缀 start:247.35MB, end 244.42MB, increase: -2996.45KB
2026-9-7 21:40:55-debug: native:(onAfterBuild) start..., progress: 56%
2026-9-7 21:40:55-log: run build task 给所有的资源加上 MD5 后缀 success in 9 ms√, progress: 56%
2026-9-7 21:40:55-debug: // ---- build task native：onAfterBuild ---- (7ms)
2026-9-7 21:40:55-debug: native:(onAfterBuild) in 7 ms ✓, progress: 58%
2026-9-7 21:40:55-debug: cocos-service:(onAfterBuild) start..., progress: 58%
2026-9-7 21:40:55-debug: // ---- build task cocos-service：onAfterBuild ----
2026-9-7 21:40:55-debug: // ---- build task cocos-service：onAfterBuild ---- (138ms)
2026-9-7 21:40:55-debug: cocos-service:(onAfterBuild) in 138 ms ✓, progress: 60%
2026-9-7 21:40:55-debug: adsense-h5g-plugin:(onAfterBuild) start..., progress: 60%
2026-9-7 21:40:55-debug: // ---- build task adsense-h5g-plugin：onAfterBuild ----
2026-9-7 21:40:55-debug: // ---- build task adsense-h5g-plugin：onAfterBuild ---- (8ms)
2026-9-7 21:40:55-debug: adsense-h5g-plugin:(onAfterBuild) in 8 ms ✓, progress: 62%
2026-9-7 21:40:55-log: Asset DB is resume!
2026-9-7 21:40:55-debug: builder:build-project-total (3798ms)
2026-9-7 21:40:55-debug: build task(android) in 3798!
2026-9-7 21:40:55-debug: [Build Memory track]: builder:build-project-total start:241.84MB, end 244.79MB, increase: 2.95MB
2026-9-7 21:40:55-debug: ================================ build Task (android) Finished in (3 s)ms ================================
2026-9-7 21:40:55-debug: Stop record console. {file(/Users/byron/custom-proj/GameBox/temp/builder/log/android9-7-2026 21-38.log)}
2026-9-7 21:42:08-debug: refresh db internal success
2026-9-7 21:42:08-debug: refresh db assets success
2026-9-7 21:42:08-debug: Run asset db hook engine-extends:afterRefresh ...
2026-9-7 21:42:08-debug: Run asset db hook engine-extends:afterRefresh success!
2026-9-7 21:42:08-debug: asset-db:refresh-all-database (17ms)
2026-9-7 21:42:21-debug: run package(hotfix-builder) handler(unregister) start
2026-9-7 21:42:21-debug: run package(hotfix-builder) handler(unregister) success!
2026-9-7 21:42:21-debug: run package(hotfix-builder) handler(register) start
2026-9-7 21:42:21-debug: run package(hotfix-builder) handler(register) success!
2026-9-7 21:42:21-debug: run package(hotfix-builder) handler(enable) start
2026-9-7 21:42:21-debug: run package(hotfix-builder) handler(enable) success!
2026-9-7 21:42:58-debug: run package(hotfix-builder) handler(disable) start
2026-9-7 21:42:58-debug: run package(hotfix-builder) handler(disable) success!
2026-9-7 21:43:06-debug: refresh db internal success
2026-9-7 21:43:06-debug: refresh db assets success
2026-9-7 21:43:06-debug: Run asset db hook engine-extends:afterRefresh ...
2026-9-7 21:43:06-debug: Run asset db hook engine-extends:afterRefresh success!
2026-9-7 21:43:06-debug: asset-db:refresh-all-database (18ms)
2026-9-7 21:43:06-debug: asset-db:worker-effect-data-processing (1ms)
2026-9-7 21:43:06-debug: asset-db-hook-engine-extends-afterRefresh (1ms)
2026-9-7 21:43:17-debug: run package(hotfix-builder) handler(enable) start
2026-9-7 21:43:17-debug: run package(hotfix-builder) handler(enable) success!
2026-9-7 21:43:42-debug: refresh db internal success
2026-9-7 21:43:42-debug: refresh db assets success
2026-9-7 21:43:42-debug: Run asset db hook engine-extends:afterRefresh ...
2026-9-7 21:43:42-debug: Run asset db hook engine-extends:afterRefresh success!
2026-9-7 21:43:42-debug: asset-db:refresh-all-database (19ms)
2026-9-7 21:44:12-debug: run package(hotfix-builder) handler(disable) success!
2026-9-7 21:44:12-debug: run package(hotfix-builder) handler(disable) start
